样本	Learn	段名	原始脉冲	二进制	十六进制	位说明/字段说明
cool	Learn1Code	帧1-头	0EF65DF6			chunk header bytes
cool	Learn1Code	帧1-0-7	39FE DEFA 38FE 59FE 38FE DDFA 38FE 5AFE 38FE 59FE 38FE DDFA 38FE DDFA 39FE 51FE	10100110	65	未知 field not present in all samples
cool	Learn1Code	帧1-8-15	38FE DDFA 38FE 59FE 39FE 59FE 38FE DEFA 38FE 59FE 38FE DDFA 38FE DDFA 39FE 51FE	10010110	69	未知 field not present in all samples
cool	Learn1Code	帧1-16-23	38FE 5AFE 38FE 5AFE 38FE 59FE 38FE 58FE 38FE 59FE 39FE 59FE 39FE 59FE 38FE 52FE	00000000	00	未知 field not present in all samples
cool	Learn1Code	帧1-24-31	38FE 59FE 39FE 59FE 38FE 58FE 38FE 59FE 38FE 59FE 39FE 59FE 38FE 59FE 38FE 51FE	00000000	00	未知 field not present in all samples
cool	Learn1Code	帧1-32-39	39FE 59FE 39FE DDFA 39FE 59FE 39FE 58FE 39FE 58FE 39FE 58FE 3AFE 57FE 4DFE 3DFE	01000000	02	未知 field not present in all samples
cool	Learn1Code	帧1-40-47	39FE 58FE 4DFE C9FA 4EFE C8FA 4DFE 43FE 4DFE 44FE 4DFE 44FE 4DFE 44FE 4EFE 3CFE	01100000	06	未知 field not present in all samples
cool	Learn1Code	帧1-48-55	4EFE 43FE 4EFE 44FE 4EFE 43FE 4DFE 43FE 4EFE 44FE 4DFE 43FE 4EFE 44FE 4EFE 3CFE	00000000	00	未知 field not present in all samples
cool	Learn1Code	帧1-56-63	4EFE 44FE 4EFE 43FE 4EFE C7FA 4FFE 43FE 4EFE 43FE 4EFE 43FE 4FFE 43FE 4EFE 3CFE	00100000	04	未知 field not present in all samples
cool	Learn1Code	帧1-64-71	4EFE 43FE 4EFE 43FE 4EFE 43FE 4EFE 43FE 4EFE 43FE 4FFE 43FE 4FFE 43FE 4EFE 3BFE	00000000	00	未知 field not present in all samples
cool	Learn1Code	帧1-72-79	4FFE 43FE 4FFE 43FE 4EFE 42FE 4EFE 41FE 4FFE 42FE 50FE 42FE 4FFE 43FE 4FFE 3AFE	00000000	00	未知 field not present in all samples
cool	Learn1Code	帧1-80-87	4FFE 42FE 4FFE 42FE 4FFE 43FE 50FE 42FE 4FFE 43FE 4FFE 42FE 50FE 42FE 4FFE 3AFE	00000000	00	未知 field not present in all samples
cool	Learn1Code	帧1-88-95	4FFE 41FE 50FE 2EFE 64FE 41FE 50FE 41FE 50FE 2EFE 63FE 40FE 50FE 42FE 50FE 26FE	00000000	00	未知 field not present in all samples
cool	Learn1Code	帧1-96-103	64FE 41FE 51FE 41FE 50FE 41FE 51FE 2DFE 65FE 40FE 51FE C5FA 65FE 9DFA 64FE 25FE	00000110	60	未知 field not present in all samples
cool	Learn1Code	帧1-104-111	64FE 2DFE 64FE 2DFE 78FE 19FE 65FE 2DFE 79FE 19FE 79FE 19FE 78FE 9DFA 64FE E0FD	00000011	C0	未知 field not present in all samples
cool	Learn1Code	帧1-112-119	79FE 9DFA 79FE 18FE 79FE 9CFA 79FE 9CFA 79FE 19FE 78FE 9DFA 79FE 9DFA 79FE 95FA	10110111	ED	未知 field not present in all samples
cool	Learn1Code	帧1-120-127	7AFE 18FE 79FE 19FE 79FE 18FE 79FE 18FE 79FE 18FE 79FE 18FE 78FE 18FE 79FE 10FE	00000000	00	未知 field not present in all samples
cool	Learn1Code	帧1-128-135	7AFE 9CFA 79FE 9DFA 79FE 18FE 7AFE 18FE 79FE 19FE 79FE 17FE 7AFE 18FE 79FE 10FE	11000000	03	未知 field not present in all samples
cool	Learn1Code	帧1-136-143	79FE 18FE 7AFE 17FE 7AFE 17FE 79FE 18FE 7AFE 18FE 79FE 17FE 7AFE 18FE 7AFE 10FE	00000000	00	未知 field not present in all samples
cool	Learn1Code	帧1-144-151	7AFE 17FE 7AFE 17FE 7AFE 18FE 7AFE 17FE 7AFE 17FE 7AFE 17FE 7AFE 18FE 7AFE 10FE	00000000	00	未知 field not present in all samples
cool	Learn1Code	帧1-152-159	7AFE 17FE 7AFE 17FE 7AFE 16FE 7AFE 17FE 7BFE 17FE 7AFE 17FE 7AFE 17FE 7AFE 0FFE	00000000	00	未知 field not present in all samples
cool	Learn1Code	帧1-160-167	7AFE 18FE 7AFE 17FE 7BFE 17FE 7AFE 17FE 7BFE 17FE 7AFE 16FE 7BFE 16FE 7BFE 0FFE	00000000	00	未知 field not present in all samples
cool	Learn1Code	帧1-168-175	7BFE 16FE 7CFE 9AFA 7CFE 9BFA 7BFE 9AFA 7CFE 16FE 7BFE 9AFA 7DFE 99FA 7CFE 90FA	01110111	EE	未知 field not present in all samples
cool	Learn1Code	帧1-标记	25F6			special marker or separator
cool	Learn1Code	帧1-标记	4FF2			special marker or separator
cool	Learn1Code	帧1-标记	7CFE			special marker or separator
cool	Learn2Code	帧1-头	0EF65EF6			chunk header bytes
cool	Learn2Code	帧1-0-7	39FE DEFA 38FE 5AFE 38FE DEFA 38FE 5AFE 38FE 59FE 38FE DEFA 38FE DEFA 38FE 53FE	10100110	65	未知 field not present in all samples
cool	Learn2Code	帧1-8-15	38FE DEFA 38FE 59FE 38FE DEFA 39FE 59FE 38FE 59FE 38FE DEFA 38FE DEFA 39FE 51FE	10100110	65	未知 field not present in all samples
cool	Learn2Code	帧1-16-23	38FE 59FE 39FE 59FE 38FE 5AFE 38FE 59FE 38FE 5AFE 39FE 58FE 38FE 59FE 39FE 50FE	00000000	00	未知 field not present in all samples
cool	Learn2Code	帧1-24-31	39FE 59FE 39FE 59FE 39FE 59FE 39FE 59FE 39FE 58FE 4DFE 44FE 4EFE 44FE 4EFE 3CFE	00000000	00	未知 field not present in all samples
cool	Learn2Code	帧1-32-39	4DFE 44FE 4EFE C9FA 4EFE 43FE 4DFE 44FE 4EFE 44FE 4EFE 43FE 4DFE 43FE 4EFE 3CFE	01000000	02	未知 field not present in all samples
cool	Learn2Code	帧1-40-47	4EFE 44FE 4DFE C8FA 4EFE C8FA 4FFE 43FE 4DFE 44FE 4EFE 43FE 4EFE 44FE 4EFE 3CFE	01100000	06	未知 field not present in all samples
cool	Learn2Code	帧1-48-55	4EFE 44FE 4EFE 44FE 4EFE 43FE 4EFE 44FE 4EFE 43FE 4EFE 43FE 4EFE 44FE 4FFE 3CFE	00000000	00	未知 field not present in all samples
cool	Learn2Code	帧1-56-63	4DFE 43FE 4EFE 44FE 4EFE C8FA 4EFE 43FE 4FFE 43FE 4FFE 42FE 4EFE 44FE 4EFE 3BFE	00100000	04	未知 field not present in all samples
cool	Learn2Code	帧1-64-71	4EFE 42FE 4EFE 43FE 4FFE 43FE 4FFE 43FE 4FFE 42FE 4FFE 43FE 4FFE 42FE 4EFE 3CFE	00000000	00	未知 field not present in all samples
cool	Learn2Code	帧1-72-79	4EFE 42FE 4FFE 43FE 4FFE 43FE 4FFE 42FE 4FFE 42FE 4FFE 43FE 4FFE 42FE 4FFE 3BFE	00000000	00	未知 field not present in all samples
cool	Learn2Code	帧1-80-87	4FFE 42FE 4FFE 42FE 50FE 42FE 4FFE 42FE 50FE 42FE 4FFE 42FE 4FFE 43FE 4FFE 3BFE	00000000	00	未知 field not present in all samples
cool	Learn2Code	帧1-88-95	4FFE 41FE 51FE 42FE 4FFE 42FE 50FE 41FE 51FE 41FE 50FE 41FE 4FFE 41FE 51FE 39FE	00000000	00	未知 field not present in all samples
cool	Learn2Code	帧1-96-103	51FE 41FE 50FE 41FE 50FE 40FE 51FE 2DFE 64FE 2EFE 63FE 2DFE 64FE 2EFE 64FE 26FE	00000000	00	未知 field not present in all samples
cool	Learn2Code	帧1-104-111	64FE 2DFE 64FE 2DFE 64FE 2DFE 64FE 2DFE 64FE B2FA 65FE B1FA 65FE 2DFE 65FE E0FD	00001101	B0	未知 field not present in all samples
cool	Learn2Code	帧1-112-119	65FE B1FA 79FE 19FE 66FE B0FA 79FE 9EFA 79FE 18FE 78FE 9DFA 79FE 9DFA 79FE 96FA	10110111	ED	未知 field not present in all samples
cool	Learn2Code	帧1-120-127	79FE 19FE 79FE 18FE 79FE 18FE 79FE 19FE 79FE 18FE 79FE 19FE 79FE 18FE 7AFE 10FE	00000000	00	未知 field not present in all samples
cool	Learn2Code	帧1-128-135	7AFE 9CFA 79FE 9DFA 7AFE 18FE 7AFE 18FE 79FE 18FE 79FE 19FE 79FE 18FE 7AFE 11FE	11000000	03	未知 field not present in all samples
cool	Learn2Code	帧1-136-143	79FE 18FE 7AFE 18FE 7AFE 18FE 79FE 17FE 79FE 18FE 7AFE 18FE 79FE 19FE 79FE 0FFE	00000000	00	未知 field not present in all samples
cool	Learn2Code	帧1-144-151	79FE 18FE 7AFE 17FE 7BFE 17FE 7AFE 17FE 7AFE 18FE 79FE 17FE 7AFE 17FE 7BFE 10FE	00000000	00	未知 field not present in all samples
cool	Learn2Code	帧1-152-159	7AFE 17FE 79FE 17FE 7AFE 17FE 7BFE 17FE 7AFE 17FE 7AFE 17FE 7AFE 16FE 7BFE 10FE	00000000	00	未知 field not present in all samples
cool	Learn2Code	帧1-160-167	7AFE 17FE 7BFE 17FE 7AFE 17FE 7AFE 17FE 7AFE 17FE 7BFE 16FE 7BFE 16FE 7BFE 0FFE	00000000	00	未知 field not present in all samples
cool	Learn2Code	帧1-168-175	7CFE 16FE 7BFE 9BFA 7BFE 9BFA 7CFE 9BFA 7BFE 17FE 7BFE 9BFA 7CFE 9AFA 7BFE 91FA	01110111	EE	未知 field not present in all samples
cool	Learn2Code	帧1-标记	25F6			special marker or separator
cool	Learn2Code	帧1-标记	50F2			special marker or separator
cool	Learn2Code	帧1-标记	7BFE			special marker or separator
cool	Learn3Code	帧1-头	0EF65DF6			chunk header bytes
cool	Learn3Code	帧1-0-7	4EFE C8FA 4EFE 44FE 4EFE C8FA 4FFE 43FE 4EFE 43FE 4FFE C8FA 4FFE C7FA 64FE 26FE	10100110	65	未知 field not present in all samples
cool	Learn3Code	帧1-8-15	64FE B1FA 64FE 2DFE 65FE B1FA 65FE B0FA 66FE 2BFE 65FE 9DFA 79FE 9CFA 79FE 10FE	10110110	6D	未知 field not present in all samples
cool	Learn3Code	帧1-16-23	7AFE 18FE 7AFE 17FE 79FE 18FE 79FE 17FE 7BFE 16FE 7BFE 17FE 7AFE 17FE 7BFE 0FFE	00000000	00	未知 field not present in all samples
cool	Learn3Code	帧1-24-31	7BFE 16FE 7CFE 16FE 7BFE 17FE 7BFE 16FE 7BFE 16FE 7BFE 17FE 7BFE 17FE 8FFE FBFD	00000001	80	未知 field not present in all samples
cool	Learn3Code	帧1-32-39	7BFE 16FE 7CFE 9AFA 7AFE 17FE 7CFE 15FE 7CFE 15FE 7CFE 16FE 7CFE 16FE 7BFE 0EFE	01000000	02	未知 field not present in all samples
cool	Learn3Code	帧1-40-47	7CFE 16FE 7CFE 9AFA 7BFE 9BFA 7CFE 16FE 7BFE 16FE 7AFE 16FE 7BFE 17FE 7BFE 0FFE	01100000	06	未知 field not present in all samples
cool	Learn3Code	帧1-48-55	7BFE 17FE 7BFE 16FE 7BFE 17FE 7BFE 17FE 7BFE 16FE 7BFE 17FE 7BFE 16FE 7AFE 0FFE	00000000	00	未知 field not present in all samples
cool	Learn3Code	帧1-56-63	7AFE 17FE 7AFE 17FE 7AFE 9BFA 7AFE 17FE 7AFE 17FE 7AFE 18FE 7AFE 17FE 79FE 11FE	00100000	04	未知 field not present in all samples
cool	Learn3Code	帧1-64-71	79FE 18FE 7AFE 18FE 79FE 18FE 79FE 19FE 79FE 18FE 79FE 18FE 79FE 2CFE 66FE 24FE	00000000	00	未知 field not present in all samples
cool	Learn3Code	帧1-72-79	65FE 18FE 79FE 2CFE 65FE 2BFE 66FE 2DFE 65FE 2CFE 65FE 2CFE 65FE 2CFE 65FE 25FE	00000000	00	未知 field not present in all samples
cool	Learn3Code	帧1-80-87	65FE 2DFE 50FE 40FE 51FE 41FE 51FE 41FE 50FE 40FE 50FE 42FE 50FE 42FE 50FE 3AFE	00000000	00	未知 field not present in all samples
cool	Learn3Code	帧1-88-95	4FFE 41FE 4FFE 42FE 4FFE 43FE 4FFE 42FE 4FFE 42FE 4FFE 43FE 4FFE 42FE 4EFE 3BFE	00000000	00	未知 field not present in all samples
cool	Learn3Code	帧1-96-103	4FFE 43FE 4FFE 43FE 4EFE 43FE 4FFE 42FE 4FFE 43FE 4FFE 43FE 4EFE 43FE 4FFE 3BFE	00000000	00	未知 field not present in all samples
cool	Learn3Code	帧1-104-111	4FFE 43FE 4EFE 43FE 4EFE 43FE 4EFE C7FA 4FFE C7FA 4EFE C8FA 4EFE 43FE 4EFE F6FD	00011101	B8	未知 field not present in all samples
cool	Learn3Code	帧1-112-119	4EFE C7FA 4EFE 43FE 4FFE C7FA 4EFE C8FA 4EFE 43FE 4EFE C8FA 4EFE C7FA 4EFE C0FA	10110111	ED	未知 field not present in all samples
cool	Learn3Code	帧1-120-127	4FFE 43FE 4EFE 43FE 4EFE 43FE 4EFE 43FE 4FFE 42FE 4EFE 42FE 4EFE 42FE 4FFE 3BFE	00000000	00	未知 field not present in all samples
cool	Learn3Code	帧1-128-135	4FFE C7FA 4FFE C6FA 4FFE 42FE 50FE 42FE 4FFE 42FE 4FFE 42FE 50FE 42FE 50FE 3AFE	11000000	03	未知 field not present in all samples
cool	Learn3Code	帧1-136-143	4FFE 42FE 4FFE 42FE 50FE 41FE 50FE 41FE 50FE 41FE 65FE 2DFE 64FE 2DFE 65FE 24FE	00000000	00	未知 field not present in all samples
cool	Learn3Code	帧1-144-151	66FE 2DFE 64FE 2DFE 66FE 2BFE 65FE 18FE 79FE 18FE 79FE 18FE 79FE 2CFE 66FE 11FE	00000000	00	未知 field not present in all samples
cool	Learn3Code	帧1-152-159	78FE 18FE 79FE 18FE 79FE 18FE 79FE 18FE 7AFE 18FE 7AFE 17FE 7AFE 18FE 7AFE 10FE	00000000	00	未知 field not present in all samples
cool	Learn3Code	帧1-160-167	79FE 17FE 7AFE 18FE 7AFE 17FE 7AFE 17FE 7AFE 17FE 7BFE 17FE 7BFE 16FE 7AFE 0FFE	00000000	00	未知 field not present in all samples
cool	Learn3Code	帧1-168-175	7BFE 16FE 7BFE 9AFA 7CFE 9AFA 7BFE 99FA 90FE 02FE 90FE 85FA 91FE 85FA 91FE 66FA	01110111	EE	未知 field not present in all samples
cool	Learn3Code	帧1-标记	3CF6			special marker or separator
cool	Learn3Code	帧1-标记	3AF2			special marker or separator
cool	Learn3Code	帧1-标记	A5FE			special marker or separator
cool	Learn4Code	帧1-头	11F65CF6			chunk header bytes
cool	Learn4Code	帧1-0-7	4FFE C8FA 4EFE 44FE 4FFE C8FA 4EFE 43FE 50FE 41FE 4FFE C7FA 50FE C7FA 4FFE 3BFE	10100110	65	未知 field not present in all samples
cool	Learn4Code	帧1-8-15	64FE B2FA 65FE B2FA 4FFE 42FE 65FE 2EFE 64FE 2DFE 4FFE C6FA 65FE B0FA 67FE 25FE	11000110	63	未知 field not present in all samples
cool	Learn4Code	帧1-16-23	65FE 2DFE 64FE 2CFE 66FE 2DFE 64FE 18FE 7AFE 18FE 7AFE 18FE 7AFE 2CFE 7BFE 0EFE	00000000	00	未知 field not present in all samples
cool	Learn4Code	帧1-24-31	66FE 17FE 7BFE 17FE 7AFE 17FE 7BFE 18FE 7AFE 17FE 7BFE 17FE 7BFE 17FE 7AFE 10FE	00000000	00	未知 field not present in all samples
cool	Learn4Code	帧1-32-39	7AFE 16FE 7AFE 9BFA 7BFE 17FE 7BFE 17FE 7BFE 16FE 7BFE 17FE 7AFE 17FE 7BFE 10FE	01000000	02	未知 field not present in all samples
cool	Learn4Code	帧1-40-47	7BFE 2AFE 67FE 9BFA 7CFE 9AFA 7BFE 18FE 7AFE 16FE 90FE 03FE 7AFE 17FE 7AFE 0FFE	01100000	06	未知 field not present in all samples
cool	Learn4Code	帧1-48-55	7CFE 18FE 7AFE 17FE 7BFE 17FE 7AFE 17FE 7BFE 16FE 7CFE 17FE 7BFE 16FE 7CFE 0EFE	00000000	00	未知 field not present in all samples
cool	Learn4Code	帧1-56-63	7BFE 16FE 7BFE 17FE 7AFE 9CFA 7AFE 16FE 7AFE 17FE 7AFE 18FE 8FFE 02FE 90FE FAFD	00100001	84	未知 field not present in all samples
cool	Learn4Code	帧1-64-71	7AFE 17FE 7BFE 17FE 7BFE 17FE 7AFE 17FE 7BFE 16FE 7CFE 18FE 8FFE 02FE 7BFE 0FFE	00000000	00	未知 field not present in all samples
cool	Learn4Code	帧1-72-79	7AFE 18FE 7AFE 17FE 7BFE 16FE 8FFE 02FE 7AFE 18FE 7BFE 17FE 7BFE 16FE 7BFE 0FFE	00000000	00	未知 field not present in all samples
cool	Learn4Code	帧1-80-87	8FFE 03FE 7AFE 2AFE 67FE 18FE 7AFE 2CFE 66FE 18FE 7BFE 16FE 7CFE 17FE 79FE 11FE	00000000	00	未知 field not present in all samples
cool	Learn4Code	帧1-88-95	7AFE 18FE 79FE 19FE 79FE 18FE 79FE 2BFE 67FE 2BFE 65FE 18FE 7AFE 2CFE 65FE 10FE	00000000	00	未知 field not present in all samples
cool	Learn4Code	帧1-96-103	7AFE 2DFE 65FE 2DFE 64FE 2CFE 66FE 2CFE 66FE 2DFE 64FE 2EFE 50FE 41FE 64FE 25FE	00000000	00	未知 field not present in all samples
cool	Learn4Code	帧1-104-111	50FE 42FE 4FFE 42FE 4FFE C7FA 4FFE 42FE 50FE C6FA 4FFE C8FA 4EFE 44FE 4EFE F7FD	00101101	B4	未知 field not present in all samples
cool	Learn4Code	帧1-112-119	4DFE CAFA 4DFE 44FE 39FE DEFA 39FE DEFA 38FE 6EFE 24FE DDFA 37FE F1FA 24FE E9FA	10110111	ED	未知 field not present in all samples
cool	Learn4Code	帧1-120-127	25FE 6CFE 25FE 6DFE 24FE 5BFE 37FE 6EFE 24FE 5AFE 37FE 6DFE 24FE 6DFE 24FE 64FE	00000000	00	未知 field not present in all samples
cool	Learn4Code	帧1-128-135	27FE F1FA 24FE F2FA 24FE 5AFE 37FE 6EFE 25FE 6DFE 25FE 5AFE 37FE 5AFE 38FE 66FE	11000000	03	未知 field not present in all samples
cool	Learn4Code	帧1-136-143	24FE 5AFE 38FE 6DFE 25FE 5AFE 38FE 5AFE 38FE 5AFE 38FE 5AFE 38FE 6DFE 24FE 53FE	00000000	00	未知 field not present in all samples
cool	Learn4Code	帧1-144-151	38FE 6CFE 25FE 5AFE 38FE 5AFE 38FE 5AFE 38FE 5AFE 37FE 59FE 38FE 6BFE 25FE 52FE	00000000	00	未知 field not present in all samples
cool	Learn4Code	帧1-152-159	39FE 6DFE 25FE 6CFE 25FE 6DFE 25FE 5AFE 38FE 5AFE 38FE 5AFE 38FE 5AFE 38FE 52FE	00000000	00	未知 field not present in all samples
cool	Learn4Code	帧1-160-167	37FE 59FE 38FE 5AFE 38FE 59FE 38FE 5AFE 37FE 5AFE 38FE 5AFE 38FE 5AFE 38FE 65FE	00000000	00	未知 field not present in all samples
cool	Learn4Code	帧1-168-175	25FE 5AFE 37FE F1FA 25FE DEFA 38FE DEFA 38FE 5AFE 38FE DFFA 37FE DEFA 38FE D4FA	01110111	EE	未知 field not present in all samples
cool	Learn4Code	帧1-标记	3CF6			special marker or separator
cool	Learn4Code	帧1-标记	3AF2			special marker or separator
cool	Learn4Code	帧1-标记	38FE			special marker or separator
cool	Learn5Code	帧1-头	0FF672F6			chunk header bytes
cool	Learn5Code	帧1-0-7	25FE DDFA 38FE 58FE 39FE DEFA 38FE 59FE 38FE 6CFE 24FE F1FA 25FE DDFA 4DFE 3DFE	10100110	65	未知 field not present in all samples
cool	Learn5Code	帧1-8-15	38FE DEFA 37FE DEFA 38FE 59FE 3AFE DCFA 38FE 5AFE 4EFE C7FA 39FE DEFA 4DFE 3DFE	11010110	6B	未知 field not present in all samples
cool	Learn5Code	帧1-16-23	4CFE 44FE 4DFE 44FE 4DFE 45FE 4DFE 44FE 39FE 58FE 4EFE 43FE 3AFE 57FE 39FE 51FE	00000000	00	未知 field not present in all samples
cool	Learn5Code	帧1-24-31	4DFE 44FE 39FE 59FE 39FE 58FE 4EFE 45FE 4DFE 58FE 39FE 44FE 39FE 58FE 4DFE 3CFE	00000000	00	未知 field not present in all samples
cool	Learn5Code	帧1-32-39	4FFE 44FE 4DFE C8FA 4FFE 42FE 38FE 5AFE 4EFE 43FE 4FFE 43FE 4FFE 42FE 39FE 51FE	01000000	02	未知 field not present in all samples
cool	Learn5Code	帧1-40-47	4EFE 43FE 4EFE C8FA 4DFE C8FA 4EFE 44FE 4CFE 44FE 4DFE 43FE 4EFE 43FE 4FFE 3BFE	01100000	06	未知 field not present in all samples
cool	Learn5Code	帧1-48-55	4EFE 43FE 4FFE 43FE 4FFE 43FE 4DFE 44FE 4EFE 43FE 39FE 58FE 4DFE 43FE 4DFE 50FE	00000000	00	未知 field not present in all samples
cool	Learn5Code	帧1-56-63	3AFE 45FE 38FE 58FE 4EFE C8FA 4DFE 43FE 4EFE 43FE 38FE 59FE 4EFE 43FE 4EFE 3CFE	00100000	04	未知 field not present in all samples
cool	Learn5Code	帧1-64-71	4EFE 43FE 3AFE 58FE 4EFE 44FE 4EFE 42FE 4EFE 44FE 4EFE 43FE 4EFE 43FE 4EFE 3BFE	00000000	00	未知 field not present in all samples
cool	Learn5Code	帧1-72-79	4FFE 41FE 4EFE 43FE 3AFE 57FE 4FFE 43FE 4DFE 43FE 4FFE 42FE 4FFE 43FE 4EFE 3BFE	00000000	00	未知 field not present in all samples
cool	Learn5Code	帧1-80-87	4FFE 43FE 4FFE 43FE 4EFE 44FE 4EFE 43FE 4FFE 43FE 4FFE 43FE 4EFE 44FE 4EFE 3CFE	00000000	00	未知 field not present in all samples
cool	Learn5Code	帧1-88-95	4EFE 41FE 4EFE 43FE 4FFE 43FE 4FFE 43FE 4FFE 43FE 4FFE 43FE 4FFE 41FE 50FE 3AFE	00000000	00	未知 field not present in all samples
cool	Learn5Code	帧1-96-103	4FFE 43FE 50FE 41FE 4FFE 44FE 4EFE 42FE 4FFE 43FE 4FFE 44FE 4EFE 42FE 4EFE 3CFE	00000000	00	未知 field not present in all samples
cool	Learn5Code	帧1-104-111	4DFE 44FE 4EFE 44FE 4EFE C8FA 4DFE C7FA 4FFE C7FA 4EFE C7FA 4FFE 42FE 4EFE F5FD	00111101	BC	未知 field not present in all samples
cool	Learn5Code	帧1-112-119	4FFE C7FA 4FFE 44FE 4EFE C6FA 4EFE C6FA 4FFE 42FE 4EFE C7FA 4FFE C8FA 4EFE BFFA	10110111	ED	未知 field not present in all samples
cool	Learn5Code	帧1-120-127	4FFE 42FE 4FFE 43FE 63FE 2EFE 4FFE 41FE 4EFE 42FE 4FFE 43FE 64FE 2DFE 4EFE 3AFE	00000000	00	未知 field not present in all samples
cool	Learn5Code	帧1-128-135	4FFE C8FA 4EFE C5FA 65FE 2EFE 64FE 2DFE 4FFE 41FE 4FFE 41FE 50FE 41FE 65FE 24FE	11000000	03	未知 field not present in all samples
cool	Learn5Code	帧1-136-143	51FE 2DFE 64FE 41FE 64FE 2CFE 65FE 19FE 78FE 19FE 79FE 2EFE 63FE 2DFE 65FE 24FE	00000000	00	未知 field not present in all samples
cool	Learn5Code	帧1-144-151	66FE 2DFE 64FE 18FE 79FE 2CFE 64FE 2CFE 66FE 2CFE 50FE 2DFE 78FE 18FE 79FE 25FE	00000000	00	未知 field not present in all samples
cool	Learn5Code	帧1-152-159	51FE 2CFE 79FE 2CFE 51FE 41FE 65FE 2CFE 65FE 2CFE 4FFE 42FE 65FE 2CFE 65FE 11FE	00000000	00	未知 field not present in all samples
cool	Learn5Code	帧1-160-167	79FE 18FE 79FE 2CFE 50FE 41FE 66FE 17FE 7AFE 18FE 79FE 2DFE 64FE 2EFE 65FE 10FE	00000000	00	未知 field not present in all samples
cool	Learn5Code	帧1-168-175	79FE 17FE 7AFE 9DFA 64FE C5FA 66FE 9CFA 7AFE 17FE 79FE B1FA 65FE 9CFA 79FE A6FA	01110111	EE	未知 field not present in all samples
cool	Learn5Code	帧1-标记	12F6			special marker or separator
cool	Learn5Code	帧1-标记	65F2			special marker or separator
cool	Learn5Code	帧1-标记	66FE			special marker or separator
cool	Learn6Code	帧1-头	3CF65CF6			chunk header bytes
cool	Learn6Code	帧1-0-7	38FE F1FA 39FE 5BFE 38FE DCFA 23FE 5AFE 38FE 59FE 3AFE DDFA 37FE DEFA 4DFE 3CFE	10100110	65	未知 field not present in all samples
cool	Learn6Code	帧1-8-15	4EFE C9FA 4EFE 43FE 39FE 5AFE 37FE 59FE 39FE 5AFE 4DFE C8FA 3AFE DCFA 4EFE 4FFE	10000110	61	未知 field not present in all samples
cool	Learn6Code	帧1-16-23	27FE 58FE 38FE 59FE 38FE 5AFE 4DFE 44FE 38FE 58FE 4FFE 43FE 4FFE 43FE 4DFE 3CFE	00000000	00	未知 field not present in all samples
cool	Learn6Code	帧1-24-31	38FE 5AFE 62FE 44FE 39FE 42FE 4EFE 43FE 39FE 59FE 4EFE 42FE 3AFE 59FE 4DFE 3BFE	00000000	00	未知 field not present in all samples
cool	Learn6Code	帧1-32-39	4EFE 44FE 39FE DDFA 4DFE 43FE 39FE 59FE 22FE 70FE 39FE 57FE 4EFE 45FE 37FE 51FE	01000000	02	未知 field not present in all samples
cool	Learn6Code	帧1-40-47	4EFE C8FA 4CFE 44FE 38FE F2FA 23FE 5AFE 4DFE 43FE 4FFE 43FE 4FFE 43FE 4DFE 3DFE	10100000	05	未知 field not present in all samples
cool	Learn6Code	帧1-48-55	4EFE 43FE 38FE 59FE 4EFE 43FE 4DFE 44FE 37FE 59FE 4DFE 44FE 4EFE 44FE 4EFE 3BFE	00000000	00	未知 field not present in all samples
cool	Learn6Code	帧1-56-63	3AFE 58FE 39FE 59FE 4EFE C6FA 4FFE 43FE 4DFE 43FE 39FE 57FE 4FFE 44FE 4DFE 3CFE	00100000	04	未知 field not present in all samples
cool	Learn6Code	帧1-64-71	4EFE 43FE 4FFE 43FE 4DFE 45FE 4DFE 43FE 39FE 5AFE 4EFE 44FE 4DFE 44FE 38FE 52FE	00000000	00	未知 field not present in all samples
cool	Learn6Code	帧1-72-79	39FE 57FE 3AFE 59FE 38FE 59FE 4EFE 44FE 38FE 58FE 4DFE 44FE 4DFE 44FE 39FE 50FE	00000000	00	未知 field not present in all samples
cool	Learn6Code	帧1-80-87	3AFE 58FE 4DFE 44FE 4EFE 44FE 4EFE 43FE 50FE 43FE 4DFE 43FE 50FE 41FE 50FE 3AFE	00000000	00	未知 field not present in all samples
cool	Learn6Code	帧1-88-95	4EFE 42FE 4EFE 59FE 39FE 43FE 38FE 59FE 4EFE 42FE 3AFE 43FE 64FE 42FE 39FE 51FE	00000000	00	未知 field not present in all samples
cool	Learn6Code	帧1-96-103	4DFE 45FE 4EFE 43FE 4EFE 42FE 4FFE 45FE 4EFE 43FE 4EFE 43FE 3AFE 57FE 4FFE BEFA	00000001	80	未知 field not present in all samples
cool	Learn6Code	帧1-104-111	3BFE 57FE 4EFE 42FE 39FE DEFA 4FFE 42FE 4FFE C8FA 4DFE C7FA 64FE 2EFE 3AFE 90FA	00101101	B4	未知 field not present in all samples
cool	Learn6Code	帧1-112-119	4FFE C6FA 4FFE 44FE 4EFE C8FA 63FE 9DFA 63FE 42FE 64FE B2FA 38FE DBFA 64FE A9FA	10110111	ED	未知 field not present in all samples
cool	Learn6Code	帧1-120-127	4FFE 44FE 65FE 18FE 79FE 2DFE 65FE 2DFE 64FE 2DFE 65FE 17FE 66FE 41FE 65FE 25FE	00000000	00	未知 field not present in all samples
cool	Learn6Code	帧1-128-135	65FE 18FE 65FE 2CFE 79FE 2CFE 4FFE 2FFE 7BFE 16FE 79FE 18FE 7AFE 2CFE 65FE 24FE	00000000	00	未知 field not present in all samples
cool	Learn6Code	帧1-136-143	52FE 2CFE 7AFE 18FE 7AFE 2CFE 65FE 18FE 7AFE 16FE 7BFE 18FE 79FE 17FE 79FE 0FFE	00000000	00	未知 field not present in all samples
cool	Learn6Code	帧1-144-151	65FE 2DFE 7BFE 16FE 65FE 2DFE 7AFE 2CFE 51FE 2CFE 79FE 2CFE 66FE 17FE 79FE 11FE	00000000	00	未知 field not present in all samples
cool	Learn6Code	帧1-152-159	8FFE 02FE 7BFE 17FE 7AFE 2CFE 65FE 18FE 79FE 17FE 7CFE 16FE 90FE 01FE 7BFE 0FFE	00000000	00	未知 field not present in all samples
cool	Learn6Code	帧1-160-167	90FE 01FE 7BFE 18FE 8FFE 01FE 7AFE 2CFE 65FE 17FE 79FE 15FE 7CFE 02FE A5FE FAFD	00000001	80	未知 field not present in all samples
cool	Learn6Code	帧1-168-175	7AFE 9BFA 8FFE ECFD 8FFE 9BFA 79FE 9CFA 7BFE 17FE 7BFE 99FA 7AFE 99FA 90FE 7BFA	11110111	EF	未知 field not present in all samples
cool	Learn6Code	帧1-标记	FCF5			special marker or separator
cool	Learn6Code	帧1-标记	64F2			special marker or separator
cool	Learn6Code	帧1-标记	7BFE			special marker or separator
cool	Learn7Code	帧1-头	0DF65DF6			chunk header bytes
cool	Learn7Code	帧1-0-7	4EFE C7FA 4FFE 43FE 4EFE C8FA 50FE 42FE 50FE 42FE 4FFE C7FA 50FE C6FA 64FE 25FE	10100110	65	未知 field not present in all samples
cool	Learn7Code	帧1-8-15	65FE 2DFE 64FE B2FA 65FE B1FA 65FE B2FA 64FE 2CFE 65FE B0FA 65FE B1FA 65FE 10FE	01110110	6E	未知 field not present in all samples
cool	Learn7Code	帧1-16-23	7AFE 2CFE 65FE 18FE 7AFE 2CFE 66FE 18FE 79FE 18FE 79FE 2CFE 66FE 17FE 7AFE 10FE	00000000	00	未知 field not present in all samples
cool	Learn7Code	帧1-24-31	7AFE 17FE 7AFE 17FE 7AFE 17FE 7AFE 18FE 7AFE 2BFE 67FE 18FE 7AFE 18FE 7AFE 24FE	00000000	00	未知 field not present in all samples
cool	Learn7Code	帧1-32-39	66FE 18FE 7AFE 9CFA 7AFE 2CFE 66FE 2BFE 65FE 2CFE 65FE 2DFE 65FE 2DFE 64FE 25FE	01000000	02	未知 field not present in all samples
cool	Learn7Code	帧1-40-47	64FE B1FA 64FE 2DFE 64FE B1FA 50FE 42FE 4FFE 44FE 4EFE 42FE 4FFE 43FE 4FFE 3BFE	10100000	05	未知 field not present in all samples
cool	Learn7Code	帧1-48-55	4EFE 43FE 4EFE 43FE 4DFE 44FE 4DFE 44FE 4DFE 44FE 3AFE 58FE 39FE 58FE 4DFE 3DFE	00000000	00	未知 field not present in all samples
cool	Learn7Code	帧1-56-63	38FE 59FE 38FE 59FE 38FE DDFA 38FE 59FE 37FE 59FE 38FE 59FE 38FE 5AFE 38FE 52FE	00100000	04	未知 field not present in all samples
cool	Learn7Code	帧1-64-71	38FE 5AFE 38FE 5AFE 37FE 6CFE 25FE 5AFE 38FE 5AFE 38FE 59FE 38FE 5AFE 38FE 52FE	00000000	00	未知 field not present in all samples
cool	Learn7Code	帧1-72-79	38FE 5AFE 38FE 59FE 37FE 59FE 38FE 5AFE 37FE 5AFE 38FE 5AFE 37FE 59FE 38FE 52FE	00000000	00	未知 field not present in all samples
cool	Learn7Code	帧1-80-87	38FE 59FE 38FE 59FE 38FE 59FE 38FE 5AFE 38FE 5AFE 38FE 5AFE 38FE 5AFE 37FE 52FE	00000000	00	未知 field not present in all samples
cool	Learn7Code	帧1-88-95	37FE 59FE 38FE 5AFE 38FE 59FE 38FE 5AFE 38FE 59FE 38FE 59FE 38FE 5AFE 37FE 53FE	00000000	00	未知 field not present in all samples
cool	Learn7Code	帧1-96-103	38FE 5AFE 37FE 5AFE 37FE 5AFE 38FE 5AFE 38FE 59FE 38FE 59FE 38FE 5AFE 38FE D6FA	00000001	80	未知 field not present in all samples
cool	Learn7Code	帧1-104-111	37FE 5AFE 38FE 5AFE 37FE 59FE 37FE DEFA 38FE DEFA 38FE DEFA 38FE 5AFE 38FE 92FA	00011101	B8	未知 field not present in all samples
cool	Learn7Code	帧1-112-119	38FE DEFA 37FE 59FE 38FE DEFA 38FE DEFA 37FE 5AFE 37FE DEFA 38FE DEFA 38FE D6FA	10110111	ED	未知 field not present in all samples
cool	Learn7Code	帧1-120-127	38FE 5AFE 38FE 5AFE 37FE 59FE 38FE 59FE 38FE 59FE 38FE 58FE 38FE 59FE 39FE 52FE	00000000	00	未知 field not present in all samples
cool	Learn7Code	帧1-128-135	38FE 59FE 37FE 59FE 38FE 59FE 38FE 59FE 38FE 59FE 38FE 59FE 39FE 59FE 39FE 51FE	00000000	00	未知 field not present in all samples
cool	Learn7Code	帧1-136-143	39FE 58FE 39FE 58FE 3AFE 58FE 39FE 59FE 39FE 58FE 39FE 59FE 4DFE 44FE 4DFE 3CFE	00000000	00	未知 field not present in all samples
cool	Learn7Code	帧1-144-151	4DFE 44FE 4EFE 44FE 4DFE 44FE 4EFE 44FE 4EFE 44FE 4DFE 43FE 4DFE 44FE 4DFE 3CFE	00000000	00	未知 field not present in all samples
cool	Learn7Code	帧1-152-159	4EFE 44FE 4DFE 44FE 4DFE 44FE 4EFE 43FE 4EFE 43FE 4EFE 43FE 4FFE 43FE 4EFE 3CFE	00000000	00	未知 field not present in all samples
cool	Learn7Code	帧1-160-167	4DFE 43FE 4EFE 43FE 4DFE 43FE 4EFE 43FE 4EFE 43FE 4EFE 43FE 4EFE 43FE 4EFE 3CFE	00000000	00	未知 field not present in all samples
cool	Learn7Code	帧1-168-175	4EFE C8FA 4EFE 43FE 4EFE C8FA 4EFE C7FA 4EFE 43FE 4FFE C6FA 4EFE C7FA 4FFE BCFA	10110111	ED	未知 field not present in all samples
cool	Learn7Code	帧1-标记	3BF6			special marker or separator
cool	Learn7Code	帧1-标记	39F2			special marker or separator
cool	Learn7Code	帧1-标记	4FFE			special marker or separator
cool	Learn8Code	帧1-头	0FF65DF6			chunk header bytes
cool	Learn8Code	帧1-0-7	39FE DDFA 39FE 59FE 38FE DDFA 39FE 59FE 39FE 59FE 38FE DDFA 39FE DDFA 39FE 51FE	10100110	65	未知 field not present in all samples
cool	Learn8Code	帧1-8-15	39FE 59FE 38FE DEFA 38FE 59FE 38FE DCFA 39FE 59FE 39FE DDFA 38FE DCFA 38FE 52FE	01010110	6A	未知 field not present in all samples
cool	Learn8Code	帧1-16-23	37FE 59FE 38FE 5AFE 38FE 59FE 38FE 59FE 38FE 58FE 38FE 59FE 39FE 58FE 39FE 51FE	00000000	00	未知 field not present in all samples
cool	Learn8Code	帧1-24-31	38FE 59FE 38FE 58FE 38FE 58FE 39FE 59FE 39FE 59FE 38FE 58FE 39FE 59FE 39FE 51FE	00000000	00	未知 field not present in all samples
cool	Learn8Code	帧1-32-39	39FE 58FE 39FE DCFA 39FE 58FE 39FE 59FE 39FE 58FE 38FE 57FE 4EFE 43FE 3AFE 50FE	01000000	02	未知 field not present in all samples
cool	Learn8Code	帧1-40-47	4EFE C7FA 3BFE 57FE 3AFE DCFA 4EFE 43FE 4EFE 44FE 4EFE 43FE 4EFE 44FE 4DFE 3CFE	10100000	05	未知 field not present in all samples
cool	Learn8Code	帧1-48-55	4EFE 43FE 4EFE 44FE 4EFE 43FE 4EFE 44FE 4EFE 43FE 4EFE 43FE 4EFE 43FE 4FFE 3BFE	00000000	00	未知 field not present in all samples
cool	Learn8Code	帧1-56-63	4EFE 43FE 4EFE 43FE 4FFE C7FA 4FFE 42FE 4EFE 42FE 4EFE 42FE 4EFE 43FE 4EFE 3BFE	00100000	04	未知 field not present in all samples
cool	Learn8Code	帧1-64-71	4EFE 43FE 4FFE 43FE 4EFE 42FE 4FFE 42FE 4EFE 42FE 4FFE 42FE 4FFE 42FE 4FFE 3BFE	00000000	00	未知 field not present in all samples
cool	Learn8Code	帧1-72-79	4FFE 43FE 4EFE 41FE 4FFE 42FE 4FFE 41FE 50FE 42FE 4FFE 42FE 50FE 42FE 4FFE 39FE	00000000	00	未知 field not present in all samples
cool	Learn8Code	帧1-80-87	4FFE 42FE 50FE 42FE 4FFE 42FE 4FFE 41FE 50FE 41FE 50FE 41FE 4FFE 41FE 51FE 39FE	00000000	00	未知 field not present in all samples
cool	Learn8Code	帧1-88-95	50FE 41FE 50FE 41FE 50FE 40FE 50FE 41FE 51FE 40FE 51FE 2DFE 64FE 41FE 51FE 26FE	00000000	00	未知 field not present in all samples
cool	Learn8Code	帧1-96-103	64FE 40FE 52FE 40FE 52FE 2CFE 64FE 2DFE 64FE 2DFE 65FE 2CFE 65FE 2DFE 65FE A8FA	00000001	80	未知 field not present in all samples
cool	Learn8Code	帧1-104-111	65FE B0FA 65FE B1FA 79FE 9BFA 79FE 9CFA 79FE 9CFA 78FE 9BFA 7AFE 18FE 79FE 50FA	11111100	3F	未知 field not present in all samples
cool	Learn8Code	帧1-112-119	78FE 9DFA 79FE 19FE 79FE 9CFA 79FE 9CFA 7AFE 18FE 79FE 9CFA 79FE 9CFA 79FE 94FA	10110111	ED	未知 field not present in all samples
cool	Learn8Code	帧1-120-127	7AFE 17FE 7AFE 18FE 7AFE 17FE 79FE 18FE 7AFE 18FE 79FE 18FE 7AFE 18FE 79FE 10FE	00000000	00	未知 field not present in all samples
cool	Learn8Code	帧1-128-135	7AFE 18FE 7AFE 18FE 79FE 18FE 79FE 18FE 7AFE 17FE 7AFE 18FE 79FE 17FE 7AFE 10FE	00000000	00	未知 field not present in all samples
cool	Learn8Code	帧1-136-143	7AFE 18FE 7AFE 17FE 7AFE 17FE 7AFE 17FE 79FE 17FE 7AFE 17FE 7BFE 16FE 7AFE 0FFE	00000000	00	未知 field not present in all samples
cool	Learn8Code	帧1-144-151	7AFE 17FE 79FE 17FE 7AFE 17FE 7BFE 16FE 7AFE 17FE 7BFE 16FE 7BFE 16FE 7BFE 0FFE	00000000	00	未知 field not present in all samples
cool	Learn8Code	帧1-152-159	7BFE 16FE 7AFE 17FE 7BFE 16FE 7AFE 16FE 7AFE 17FE 7AFE 16FE 7BFE 16FE 7BFE 0FFE	00000000	00	未知 field not present in all samples
cool	Learn8Code	帧1-160-167	7BFE 16FE 7BFE 16FE 7CFE 15FE 7BFE 16FE 7BFE 16FE 7BFE 15FE 7BFE 16FE 7BFE 0DFE	00000000	00	未知 field not present in all samples
cool	Learn8Code	帧1-168-175	7CFE 9AFA 7CFE 15FE 7CFE 99FA 90FE 85FA 7BFE 16FE 7CFE 98FA 7BFE 99FA 90FE 7BFA	10110111	ED	未知 field not present in all samples
cool	Learn8Code	帧1-标记	26F6			special marker or separator
cool	Learn8Code	帧1-标记	4FF2			special marker or separator
cool	Learn8Code	帧1-标记	90FE			special marker or separator
cool	Learn9Code	帧1-头	0DF65DF6			chunk header bytes
cool	Learn9Code	帧1-0-7	26F6 4EF2 38FE DDFA 39FE 59FE 38FE DEFA 38FE 59FE 39FE 59FE 39FE DDFA 39FE DDFA	11111111	FF	未知 field not present in all samples
cool	Learn9Code	帧1-8-15	39FE 51FE 39FE 58FE 39FE DCFA 38FE 59FE 39FE DCFA 39FE 58FE 4EFE C8FA 3AFE DBFA	11111111	FF	未知 field not present in all samples
cool	Learn9Code	帧1-16-23	4EFE 3CFE 4DFE 44FE 4EFE 44FE 4EFE 44FE 4DFE 44FE 4DFE 44FE 4EFE 44FE 4DFE 44FE	11111111	FF	未知 field not present in all samples
cool	Learn9Code	帧1-24-31	4EFE 3CFE 4DFE 43FE 4EFE 44FE 4DFE 44FE 4EFE 44FE 4EFE 43FE 4EFE 43FE 4EFE 43FE	11111111	FF	未知 field not present in all samples
cool	Learn9Code	帧1-32-39	4EFE 3CFE 4EFE 43FE 4EFE C8FA 4EFE 43FE 4EFE 44FE 4EFE 43FE 4EFE 43FE 4EFE 43FE	11111111	FF	未知 field not present in all samples
cool	Learn9Code	帧1-40-47	4FFE 3BFE 4FFE C7FA 4EFE 43FE 4EFE C7FA 4EFE 43FE 4EFE 43FE 4EFE 43FE 4FFE 43FE	01111111	FE	未知 field not present in all samples
cool	Learn9Code	帧1-48-55	4FFE 3BFE 4FFE 42FE 4FFE 43FE 4FFE 43FE 4EFE 42FE 4FFE 43FE 4FFE 43FE 4EFE 43FE	01111111	FE	未知 field not present in all samples
cool	Learn9Code	帧1-56-63	4FFE 3BFE 4FFE 43FE 4EFE 42FE 4EFE C5FA 4FFE 42FE 50FE 41FE 4FFE 42FE 50FE 41FE	01111111	FE	未知 field not present in all samples
cool	Learn9Code	帧1-64-71	4FFE 3BFE 4FFE 42FE 50FE 41FE 4FFE 42FE 50FE 41FE 51FE 41FE 50FE 41FE 50FE 42FE	01111111	FE	未知 field not present in all samples
cool	Learn9Code	帧1-72-79	50FE 3AFE 50FE 41FE 51FE 41FE 50FE 41FE 51FE 41FE 51FE 3FFE 65FE 2CFE 51FE 41FE	01111101	BE	未知 field not present in all samples
cool	Learn9Code	帧1-80-87	65FE 25FE 65FE 2CFE 65FE 2CFE 65FE 2CFE 65FE 2CFE 66FE 2CFE 65FE 2BFE 66FE 2BFE	00000000	00	未知 field not present in all samples
cool	Learn9Code	帧1-88-95	65FE 24FE 65FE 2CFE 66FE 2CFE 65FE 18FE 7AFE 18FE 79FE 2BFE 66FE 2CFE 66FE 2BFE	00000000	00	未知 field not present in all samples
cool	Learn9Code	帧1-96-103	66FE 10FE 79FE 18FE 79FE 17FE 79FE 18FE 79FE 18FE 79FE 18FE 7AFE 18FE 7AFE 17FE	00000000	00	未知 field not present in all samples
cool	Learn9Code	帧1-104-111	79FE 95FA 79FE 9BFA 7AFE 9BFA 7AFE 9CFA 7AFE 9CFA 79FE 9BFA 7AFE 9BFA 79FE 18FE	11111110	7F	未知 field not present in all samples
cool	Learn9Code	帧1-112-119	7AFE 4FFA 7AFE 9CFA 7AFE 18FE 7AFE 9BFA 7AFE 9BFA 7AFE 17FE 7AFE 9BFA 7AFE 9BFA	11011011	DB	未知 field not present in all samples
cool	Learn9Code	帧1-120-127	7AFE 94FA 7AFE 17FE 7BFE 17FE 7AFE 16FE 7BFE 17FE 7BFE 17FE 7AFE 17FE 7AFE 17FE	10000000	01	未知 field not present in all samples
cool	Learn9Code	帧1-128-135	7BFE 0EFE 7BFE 16FE 7BFE 17FE 7BFE 16FE 7BFE 17FE 7BFE 15FE 7BFE 16FE 7CFE 15FE	00000000	00	未知 field not present in all samples
cool	Learn9Code	帧1-136-143	7CFE 0EFE 7BFE 16FE 7CFE 15FE 7CFE 15FE 7CFE 15FE 90FE 01FE 90FE 01FE 90FE 01FE	00000000	00	未知 field not present in all samples
cool	Learn9Code	帧1-144-151	91FE F9FD 91FE 01FE 90FE 01FE 90FE 01FE 91FE 01FE 91FE 00FE 91FE 00FE 91FE 00FE	10000000	01	未知 field not present in all samples
cool	Learn9Code	帧1-152-159	91FE F8FD 90FE ECFD A5FE 00FE 91FE 01FE 91FE ECFD A5FE ECFD A5FE EDFD A5FE ECFD	11001111	F3	未知 field not present in all samples
cool	Learn9Code	帧1-160-167	A6FE E4FD A5FE ECFD A6FE EBFD A6FE EBFD A6FE ECFD A6FE ECFD A5FE ECFD A6FE ECFD	11111111	FF	未知 field not present in all samples
cool	Learn9Code	帧1-168-175	A6FE E4FD A6FE 70FA A6FE EBFD A5FE 70FA A5FE 71FA A5FE ECFD A6FE 70FA A6FE 70FA	11111111	FF	未知 field not present in all samples
cool	Learn9Code	帧1-176	A6FE 66FA	1	1	tail bits
cool	Learn9Code	帧1-标记	A5FE			special marker or separator
cool	Learn10Code	帧1-头	0EF65CF6			chunk header bytes
cool	Learn10Code	帧1-0-7	39FE DCFA 39FE 57FE 39FE DCFA 39FE 58FE 4EFE 43FE 4DFE C8FA 4DFE C9FA 4DFE 3CFE	10100110	65	未知 field not present in all samples
cool	Learn10Code	帧1-8-15	4EFE 44FE 39FE DBFA 4EFE 44FE 4EFE 43FE 4EFE 44FE 4DFE C8FA 4EFE C8FA 4DFE 3CFE	01000110	62	未知 field not present in all samples
cool	Learn10Code	帧1-16-23	4EFE 44FE 4DFE 44FE 4DFE 43FE 4EFE 43FE 4EFE 43FE 4EFE 43FE 4EFE 43FE 4EFE 3BFE	00000000	00	未知 field not present in all samples
cool	Learn10Code	帧1-24-31	4FFE 43FE 4EFE 43FE 4FFE 43FE 4EFE 43FE 4EFE 42FE 4EFE 42FE 4EFE 42FE 4FFE 3BFE	00000000	00	未知 field not present in all samples
cool	Learn10Code	帧1-32-39	4EFE 42FE 4EFE C6FA 4FFE 43FE 4EFE 42FE 4FFE 42FE 4FFE 42FE 4EFE 42FE 4FFE 3AFE	01000000	02	未知 field not present in all samples
cool	Learn10Code	帧1-40-47	4EFE C6FA 4FFE 43FE 4FFE C6FA 4EFE 42FE 4FFE 42FE 4FFE 42FE 4FFE 41FE 4FFE 3AFE	10100000	05	未知 field not present in all samples
cool	Learn10Code	帧1-48-55	4FFE 42FE 50FE 41FE 4FFE 42FE 50FE 41FE 50FE 41FE 51FE 41FE 50FE 42FE 50FE 3AFE	00000000	00	未知 field not present in all samples
cool	Learn10Code	帧1-56-63	50FE 41FE 51FE 40FE 50FE C5FA 51FE 41FE 50FE 41FE 51FE 41FE 50FE 41FE 65FE 25FE	00100000	04	未知 field not present in all samples
cool	Learn10Code	帧1-64-71	65FE 2CFE 65FE 2CFE 65FE 2DFE 65FE 2CFE 65FE 2BFE 65FE 2CFE 65FE 2BFE 65FE 24FE	00000000	00	未知 field not present in all samples
cool	Learn10Code	帧1-72-79	65FE 2BFE 65FE 2CFE 65FE 2BFE 65FE 18FE 79FE 18FE 7AFE 17FE 79FE 18FE 7AFE 10FE	00000000	00	未知 field not present in all samples
cool	Learn10Code	帧1-80-87	79FE 18FE 7AFE 18FE 7AFE 17FE 79FE 18FE 7AFE 18FE 79FE 18FE 7AFE 17FE 79FE 0FFE	00000000	00	未知 field not present in all samples
cool	Learn10Code	帧1-88-95	7AFE 17FE 7AFE 17FE 7AFE 17FE 7AFE 17FE 79FE 17FE 79FE 17FE 7BFE 17FE 7AFE 0FFE	00000000	00	未知 field not present in all samples
cool	Learn10Code	帧1-96-103	7BFE 17FE 7BFE 16FE 7BFE 17FE 7AFE 17FE 7BFE 17FE 7AFE 16FE 7BFE 17FE 7AFE 92FA	00000000	00	未知 field not present in all samples
cool	Learn10Code	帧1-104-111	7BFE 9AFA 7BFE 9BFA 7BFE 9BFA 7BFE 16FE 7BFE 9AFA 7CFE 9AFA 7BFE 16FE 7CFE 4DFA	11101100	37	未知 field not present in all samples
cool	Learn10Code	帧1-112-119	7BFE 9AFA 7CFE 15FE 7CFE 9AFA 7BFE 9AFA 7BFE 16FE 7DFE 98FA 7CFE 99FA 7CFE 92FA	10110110	6D	未知 field not present in all samples
cool	Learn10Code	帧1-120-127	7CFE 14FE 90FE 01FE 7DFE 15FE 90FE 01FE 90FE 01FE 91FE 00FE 90FE 01FE 91FE F9FD	00000001	80	未知 field not present in all samples
cool	Learn10Code	帧1-128-135	91FE 00FE 91FE 01FE 91FE 00FE 91FE 00FE 91FE 00FE 91FE 00FE 91FE FFFD 91FE E4FD	00000011	C0	未知 field not present in all samples
cool	Learn10Code	帧1-136-143	A6FE EBFD A6FE EBFD A6FE E8FD AAFE EBFD A6FE EBFD A6FE EBFD A5FE EBFD A6FE E3FD	11111111	FF	未知 field not present in all samples
cool	Learn10Code	帧1-144-151	A5FE ECFD A6FE EBFD A6FE ECFD A6FE EBFD A6FE ECFD A6FE EBFD A6FE EBFD A6FE E2FD	11111111	FF	未知 field not present in all samples
cool	Learn10Code	帧1-152-159	A6FE EBFD A6FE EBFD A7FE EAFD A7FE EBFD A6FE EAFD A6FE EAFD A7FE EAFD A7FE E2FD	11111111	FF	未知 field not present in all samples
cool	Learn10Code	帧1-160-167	A7FE E9FD A8FE E9FD A8FE EAFD A8FE E9FD A8FE E9FD A7FE E9FD A8FE D5FD BCFE CEFD	11111111	FF	未知 field not present in all samples
cool	Learn10Code	帧1-168-175	BCFE 6EFA A8FE D5FD BCFE 59FA BCFE 6EFA A8FE D5FD BCFE 59FA BCFE 59FA BBFE 64FA	01001000	12	未知 field not present in all samples
cool	Learn10Code	帧1-标记	26F6			special marker or separator
cool	Learn10Code	帧1-标记	4DF2			special marker or separator
cool	Learn10Code	帧1-标记	A8FE			special marker or separator
heat	Learn1Code	帧1-头	11F65CF6			chunk header bytes
heat	Learn1Code	帧1-0-7	39FE DDFA 38FE 59FE 38FE DEFA 39FE 59FE 39FE 58FE 39FE DEFA 39FE DDFA 39FE 51FE	10100110	65	未知 field not present in all samples
heat	Learn1Code	帧1-8-15	38FE DCFA 38FE 5AFE 38FE 59FE 39FE DDFA 38FE DDFA 38FE 59FE 39FE DDFA 39FE 51FE	10011010	59	未知 field not present in all samples
heat	Learn1Code	帧1-16-23	38FE 59FE 38FE 58FE 39FE 59FE 39FE 58FE 39FE 59FE 39FE 59FE 39FE 59FE 39FE 50FE	00000000	00	未知 field not present in all samples
heat	Learn1Code	帧1-24-31	39FE 58FE 39FE 58FE 39FE 58FE 39FE 58FE 39FE 57FE 3AFE 58FE 3AFE 58FE 3AFE 50FE	00000000	00	未知 field not present in all samples
heat	Learn1Code	帧1-32-39	3AFE DCFA 3BFE DBFA 3AFE 58FE 3AFE 58FE 3AFE 58FE 3AFE 57FE 4EFE 43FE 4EFE 3BFE	11000000	03	未知 field not present in all samples
heat	Learn1Code	帧1-40-47	4EFE C8FA 4EFE 43FE 4FFE C8FA 4EFE 43FE 4EFE 42FE 4FFE 42FE 4FFE 43FE 4FFE 3BFE	10100000	05	未知 field not present in all samples
heat	Learn1Code	帧1-48-55	4FFE 43FE 4FFE 43FE 4EFE 42FE 4FFE 43FE 4EFE 43FE 4FFE 43FE 4FFE 43FE 4EFE 3BFE	00000000	00	未知 field not present in all samples
heat	Learn1Code	帧1-56-63	4FFE C7FA 4FFE 43FE 4FFE 42FE 4FFE 42FE 4FFE 43FE 4FFE 43FE 4FFE 40FE 52FE 3BFE	10000000	01	未知 field not present in all samples
heat	Learn1Code	帧1-64-71	4FFE 42FE 4FFE 43FE 4FFE 43FE 4FFE 42FE 50FE 42FE 4FFE 41FE 4FFE 43FE 4FFE 3AFE	00000000	00	未知 field not present in all samples
heat	Learn1Code	帧1-72-79	50FE 3EFE 54FE 42FE 4FFE 41FE 4FFE 41FE 50FE 42FE 50FE 41FE 50FE 41FE 50FE 3AFE	00000000	00	未知 field not present in all samples
heat	Learn1Code	帧1-80-87	4FFE 42FE 50FE 41FE 50FE 42FE 4FFE 41FE 51FE 41FE 50FE 42FE 50FE 41FE 51FE 39FE	00000000	00	未知 field not present in all samples
heat	Learn1Code	帧1-88-95	50FE 41FE 50FE 41FE 50FE 41FE 51FE 41FE 50FE 40FE 51FE 40FE 51FE 40FE 51FE 25FE	00000000	00	未知 field not present in all samples
heat	Learn1Code	帧1-96-103	65FE 40FE 51FE 40FE 51FE 3FFE 52FE 40FE 66FE 18FE 79FE 9DFA 65FE B0FA 66FE 24FE	00000110	60	未知 field not present in all samples
heat	Learn1Code	帧1-104-111	7AFE 17FE 66FE 2CFE 65FE B0FA 79FE 18FE 65FE 2CFE 65FE B1FA 79FE 9BFA 7AFE CCFD	00100111	E4	未知 field not present in all samples
heat	Learn1Code	帧1-112-119	79FE 9CFA 79FE 18FE 7AFE 9CFA 79FE 9DFA 79FE 18FE 7AFE 9CFA 7AFE 9CFA 79FE 94FA	10110111	ED	未知 field not present in all samples
heat	Learn1Code	帧1-120-127	7AFE 18FE 7AFE 17FE 7AFE 18FE 7AFE 18FE 7AFE 18FE 79FE 18FE 7AFE 18FE 7AFE 10FE	00000000	00	未知 field not present in all samples
heat	Learn1Code	帧1-128-135	7AFE 18FE 7AFE 17FE 79FE 18FE 7AFE 17FE 7BFE 17FE 7AFE 17FE 7AFE 17FE 78FE 12FE	00000000	00	未知 field not present in all samples
heat	Learn1Code	帧1-136-143	7AFE 17FE 7AFE 17FE 7BFE 16FE 7BFE 17FE 7AFE 17FE 7AFE 16FE 7AFE 17FE 7BFE 0FFE	00000000	00	未知 field not present in all samples
heat	Learn1Code	帧1-144-151	7AFE 17FE 79FE 18FE 7BFE 17FE 7AFE 17FE 7AFE 17FE 7BFE 17FE 7BFE 16FE 7BFE 0FFE	00000000	00	未知 field not present in all samples
heat	Learn1Code	帧1-152-159	7BFE 16FE 7BFE 17FE 7AFE 17FE 7BFE 17FE 7BFE 16FE 7BFE 17FE 7BFE 16FE 7AFE 0EFE	00000000	00	未知 field not present in all samples
heat	Learn1Code	帧1-160-167	7CFE 16FE 7BFE 16FE 7CFE 15FE 7BFE 16FE 7CFE 15FE 7BFE 15FE 7CFE 16FE 7BFE 0FFE	00000000	00	未知 field not present in all samples
heat	Learn1Code	帧1-168-175	7BFE 9AFA 7CFE 15FE 7CFE 99FA 7CFE 99FA 7BFE 15FE 7CFE 99FA 7DFE 99FA 7DFE 8EFA	10110111	ED	未知 field not present in all samples
heat	Learn1Code	帧1-标记	27F6			special marker or separator
heat	Learn1Code	帧1-标记	4EF2			special marker or separator
heat	Learn1Code	帧1-标记	7CFE			special marker or separator
heat	Learn2Code	帧1-头	0FF65DF6			chunk header bytes
heat	Learn2Code	帧1-0-7	39FE DDFA 39FE 59FE 38FE DCFA 39FE 59FE 38FE 59FE 39FE DDFA 39FE DDFA 39FE 51FE	10100110	65	未知 field not present in all samples
heat	Learn2Code	帧1-8-15	39FE DDFA 39FE 59FE 39FE DDFA 39FE 58FE 38FE DCFA 4EFE 44FE 3AFE DCFA 4DFE 3CFE	10101010	55	未知 field not present in all samples
heat	Learn2Code	帧1-16-23	4DFE 44FE 4EFE 43FE 4DFE 44FE 4EFE 43FE 4EFE 44FE 4EFE 43FE 4DFE 43FE 4EFE 3CFE	00000000	00	未知 field not present in all samples
heat	Learn2Code	帧1-24-31	4EFE 43FE 4EFE 43FE 4EFE 44FE 4EFE 43FE 4EFE 43FE 4EFE 43FE 4EFE 43FE 4EFE 3BFE	00000000	00	未知 field not present in all samples
heat	Learn2Code	帧1-32-39	4EFE C7FA 4EFE C7FA 4FFE 42FE 4EFE 43FE 4EFE 43FE 4EFE 43FE 4EFE 43FE 4EFE 3BFE	11000000	03	未知 field not present in all samples
heat	Learn2Code	帧1-40-47	4FFE C6FA 4FFE 43FE 4EFE C6FA 4FFE 42FE 4FFE 43FE 4EFE 42FE 4FFE 42FE 4FFE 3AFE	10100000	05	未知 field not present in all samples
heat	Learn2Code	帧1-48-55	4FFE 43FE 4FFE 43FE 4EFE 42FE 4FFE 42FE 4EFE 42FE 4FFE 42FE 4FFE 42FE 4FFE 3AFE	00000000	00	未知 field not present in all samples
heat	Learn2Code	帧1-56-63	50FE C6FA 4FFE 42FE 4FFE 42FE 50FE 42FE 4FFE 42FE 50FE 41FE 50FE 42FE 50FE 39FE	10000000	01	未知 field not present in all samples
heat	Learn2Code	帧1-64-71	50FE 41FE 50FE 41FE 64FE 2DFE 51FE 41FE 64FE 2DFE 64FE 2DFE 64FE 2CFE 65FE 24FE	00000000	00	未知 field not present in all samples
heat	Learn2Code	帧1-72-79	65FE 2CFE 65FE 2DFE 64FE 2CFE 65FE 2CFE 65FE 2BFE 66FE 2BFE 67FE 2BFE 66FE 24FE	00000000	00	未知 field not present in all samples
heat	Learn2Code	帧1-80-87	66FE 2BFE 65FE 18FE 78FE 2BFE 66FE 2BFE 66FE 18FE 79FE 18FE 79FE 18FE 7AFE 10FE	00000000	00	未知 field not present in all samples
heat	Learn2Code	帧1-88-95	79FE 17FE 7AFE 17FE 7AFE 17FE 7AFE 17FE 7AFE 18FE 79FE 17FE 7AFE 17FE 7AFE 0FFE	00000000	00	未知 field not present in all samples
heat	Learn2Code	帧1-96-103	7AFE 17FE 79FE 17FE 7AFE 17FE 7BFE 16FE 7AFE 17FE 7AFE 17FE 7AFE 17FE 7BFE 0FFE	00000000	00	未知 field not present in all samples
heat	Learn2Code	帧1-104-111	7AFE 17FE 7AFE 17FE 7AFE 9AFA 7BFE 9AFA 7BFE 17FE 7BFE 16FE 7BFE 16FE 7BFE C9FD	00110001	8C	未知 field not present in all samples
heat	Learn2Code	帧1-112-119	7BFE 9AFA 7CFE 16FE 7BFE 9AFA 7CFE 99FA 7BFE 17FE 7CFE 9AFA 7BFE 9AFA 7DFE 92FA	10110111	ED	未知 field not present in all samples
heat	Learn2Code	帧1-120-127	90FE 01FE 90FE 02FE 90FE 01FE 90FE 01FE 90FE 01FE 90FE 01FE 91FE 01FE 91FE F9FD	00000001	80	未知 field not present in all samples
heat	Learn2Code	帧1-128-135	90FE 00FE 91FE 00FE 91FE 01FE 90FE 01FE 91FE ECFD A5FE 00FE 91FE ECFD A6FE E4FD	00001011	D0	未知 field not present in all samples
heat	Learn2Code	帧1-136-143	A6FE ECFD A5FE ECFD A6FE 00FE 91FE EBFD A5FE EBFD A5FE ECFD A6FE ECFD A5FE E4FD	11011111	FB	未知 field not present in all samples
heat	Learn2Code	帧1-144-151	A5FE ECFD A6FE EBFD A6FE EBFD A6FE EAFD A7FE EBFD A6FE ECFD A6FE EAFD A6FE E3FD	11111111	FF	未知 field not present in all samples
heat	Learn2Code	帧1-152-159	A6FE EBFD A6FE EBFD A6FE EBFD A7FE EBFD A6FE EAFD A7FE EAFD A7FE EAFD A7FE E3FD	11111111	FF	未知 field not present in all samples
heat	Learn2Code	帧1-160-167	A7FE EAFD A7FE EAFD A8FE E9FD A8FE E9FD A7FE D6FD BCFE E9FD A8FE D6FD BCFE CDFD	11111111	FF	未知 field not present in all samples
heat	Learn2Code	帧1-168-175	BCFE 6EFA A8FE D5FD BCFE 59FA BCFE 58FA BDFE D5FD BDFE 59FA BCFE 57FA BCFE 4EFA	01001000	12	未知 field not present in all samples
heat	Learn2Code	帧1-标记	27F6			special marker or separator
heat	Learn2Code	帧1-标记	4FF2			special marker or separator
heat	Learn2Code	帧1-标记	BCFE			special marker or separator
heat	Learn3Code	帧1-头	10F65DF6			chunk header bytes
heat	Learn3Code	帧1-0-7	39FE DCFA 39FE 59FE 3AFE DCFA 39FE 58FE 39FE 59FE 39FE DDFA 39FE DCFA 39FE 51FE	10100110	65	未知 field not present in all samples
heat	Learn3Code	帧1-8-15	39FE DDFA 39FE 59FE 39FE DDFA 39FE DDFA 39FE DDFA 39FE 58FE 39FE DDFA 39FE 51FE	10111010	5D	未知 field not present in all samples
heat	Learn3Code	帧1-16-23	38FE 58FE 39FE 58FE 39FE 58FE 39FE 58FE 3AFE 58FE 39FE 57FE 3AFE 58FE 3AFE 50FE	00000000	00	未知 field not present in all samples
heat	Learn3Code	帧1-24-31	3AFE 57FE 3AFE 58FE 3AFE 58FE 3AFE 56FE 4EFE 43FE 4EFE 43FE 4FFE 43FE 4EFE 3CFE	00000000	00	未知 field not present in all samples
heat	Learn3Code	帧1-32-39	4EFE C7FA 4EFE C8FA 4EFE 43FE 4EFE 43FE 4FFE 43FE 4EFE 42FE 4FFE 43FE 4EFE 3AFE	11000000	03	未知 field not present in all samples
heat	Learn3Code	帧1-40-47	4FFE C6FA 4EFE 42FE 4FFE C7FA 4FFE 43FE 4EFE 42FE 4FFE 42FE 4FFE 42FE 50FE 3AFE	10100000	05	未知 field not present in all samples
heat	Learn3Code	帧1-48-55	4FFE 42FE 4FFE 42FE 4FFE 41FE 50FE 42FE 4FFE 42FE 50FE 41FE 51FE 41FE 50FE 3AFE	00000000	00	未知 field not present in all samples
heat	Learn3Code	帧1-56-63	50FE C6FA 50FE 41FE 51FE 40FE 50FE 42FE 4EFE 43FE 50FE 41FE 50FE 42FE 50FE 39FE	10000000	01	未知 field not present in all samples
heat	Learn3Code	帧1-64-71	51FE 41FE 51FE 40FE 51FE 41FE 52FE 40FE 51FE 41FE 50FE 40FE 51FE 41FE 50FE 38FE	00000000	00	未知 field not present in all samples
heat	Learn3Code	帧1-72-79	52FE 40FE 51FE 40FE 51FE 40FE 51FE 2DFE 64FE 2DFE 64FE 2DFE 65FE 2DFE 65FE 38FE	00000000	00	未知 field not present in all samples
heat	Learn3Code	帧1-80-87	51FE 40FE 50FE 40FE 51FE 40FE 51FE 2DFE 65FE 2DFE 65FE 40FE 51FE 2CFE 65FE 26FE	00000000	00	未知 field not present in all samples
heat	Learn3Code	帧1-88-95	64FE 2DFE 65FE 2CFE 65FE 2DFE 65FE 2CFE 64FE 2DFE 65FE 2DFE 65FE 2CFE 65FE 24FE	00000000	00	未知 field not present in all samples
heat	Learn3Code	帧1-96-103	65FE 2DFE 66FE 2BFE 66FE 2CFE 65FE 2CFE 66FE 2BFE 7AFE 18FE 79FE 18FE 7AFE 10FE	00000000	00	未知 field not present in all samples
heat	Learn3Code	帧1-104-111	79FE 18FE 79FE 9BFA 7AFE 17FE 7AFE 18FE 7AFE 17FE 7AFE 17FE 7AFE 18FE 7AFE CAFD	01000001	82	未知 field not present in all samples
heat	Learn3Code	帧1-112-119	7AFE 9BFA 7BFE 16FE 7AFE 9AFA 7BFE 9AFA 7AFE 16FE 7BFE 9AFA 7CFE 9AFA 7BFE 92FA	10110111	ED	未知 field not present in all samples
heat	Learn3Code	帧1-120-127	7CFE 16FE 7BFE 16FE 7CFE 16FE 7BFE 15FE 7BFE 15FE 7CFE 16FE 7CFE 15FE 7DFE 0DFE	00000000	00	未知 field not present in all samples
heat	Learn3Code	帧1-128-135	7DFE 01FE 91FE 00FE 90FE 14FE 7EFE 14FE 7CFE 01FE 91FE 00FE 90FE 00FE A6FE E4FD	00000001	80	未知 field not present in all samples
heat	Learn3Code	帧1-136-143	91FE 00FE A5FE ECFD A6FE ECFD 92FE 00FE A5FE EBFD A5FE ECFD A5FE ECFD A5FE E4FD	01101111	F6	未知 field not present in all samples
heat	Learn3Code	帧1-144-151	A6FE ECFD A5FE ECFD A6FE EBFD A6FE EBFD A6FE EBFD A6FE EBFD A6FE EBFD A6FE E4FD	11111111	FF	未知 field not present in all samples
heat	Learn3Code	帧1-152-159	A6FE EAFD A6FE EBFD A5FE ECFD A6FE EAFD A6FE EAFD A7FE D6FD BAFE EAFD A7FE E3FD	11111111	FF	未知 field not present in all samples
heat	Learn3Code	帧1-160-167	A6FE EAFD A7FE EBFD A6FE EBFD A7FE EAFD A7FE D6FD BBFE EBFD A7FE D6FD BCFE E2FD	11111111	FF	未知 field not present in all samples
heat	Learn3Code	帧1-168-175	A8FE 5AFA BBFE D7FD BBFE 5AFA BCFE 5AFA BCFE D6FD BBFE 5BFA BAFE 6EFA A9FE 4FFA	01001000	12	未知 field not present in all samples
heat	Learn3Code	帧1-标记	26F6			special marker or separator
heat	Learn3Code	帧1-标记	4EF2			special marker or separator
heat	Learn3Code	帧1-标记	BCFE			special marker or separator
heat	Learn4Code	帧1-头	10F65DF6			chunk header bytes
heat	Learn4Code	帧1-0-7	39FE DDFA 38FE 59FE 38FE DDFA 39FE 59FE 38FE 59FE 39FE DDFA 39FE DDFA 38FE 52FE	10100110	65	未知 field not present in all samples
heat	Learn4Code	帧1-8-15	38FE DDFA 38FE DDFA 38FE 59FE 38FE 59FE 39FE DDFA 39FE 59FE 38FE DDFA 39FE 51FE	11001010	53	未知 field not present in all samples
heat	Learn4Code	帧1-16-23	39FE 59FE 38FE 59FE 38FE 58FE 38FE 59FE 39FE 59FE 39FE 59FE 38FE 59FE 39FE 51FE	00000000	00	未知 field not present in all samples
heat	Learn4Code	帧1-24-31	38FE 59FE 39FE 59FE 39FE 59FE 39FE 58FE 39FE 58FE 39FE 59FE 39FE 59FE 39FE 51FE	00000000	00	未知 field not present in all samples
heat	Learn4Code	帧1-32-39	39FE DDFA 39FE DDFA 39FE 58FE 39FE 57FE 3AFE 58FE 3AFE 57FE 39FE 58FE 39FE 50FE	11000000	03	未知 field not present in all samples
heat	Learn4Code	帧1-40-47	3AFE DCFA 3BFE 57FE 3AFE DCFA 3AFE 58FE 4EFE 43FE 4EFE 43FE 3AFE 57FE 4EFE 3CFE	10100000	05	未知 field not present in all samples
heat	Learn4Code	帧1-48-55	4EFE 43FE 4FFE 43FE 4EFE 43FE 4EFE 43FE 4EFE 43FE 4FFE 43FE 4EFE 42FE 4FFE 3BFE	00000000	00	未知 field not present in all samples
heat	Learn4Code	帧1-56-63	4FFE C7FA 4EFE 43FE 4EFE 42FE 4FFE 43FE 4FFE 43FE 4FFE 42FE 4FFE 43FE 4FFE 3BFE	10000000	01	未知 field not present in all samples
heat	Learn4Code	帧1-64-71	4FFE 42FE 4FFE 42FE 4FFE 42FE 4FFE 43FE 4FFE 42FE 50FE 42FE 4FFE 41FE 4FFE 3AFE	00000000	00	未知 field not present in all samples
heat	Learn4Code	帧1-72-79	4FFE 42FE 4FFE 42FE 50FE 42FE 4FFE 41FE 4FFE 42FE 50FE 42FE 50FE 41FE 50FE 39FE	00000000	00	未知 field not present in all samples
heat	Learn4Code	帧1-80-87	51FE 41FE 50FE 41FE 51FE 40FE 50FE 40FE 50FE 2DFE 64FE 41FE 50FE 2DFE 64FE 24FE	00000000	00	未知 field not present in all samples
heat	Learn4Code	帧1-88-95	65FE 2CFE 65FE 2CFE 64FE 2DFE 79FE 19FE 79FE 18FE 7AFE 18FE 79FE 18FE 79FE 11FE	00000000	00	未知 field not present in all samples
heat	Learn4Code	帧1-96-103	79FE 18FE 7AFE 18FE 79FE 18FE 7AFE 18FE 7AFE 17FE 7AFE 18FE 79FE 18FE 7AFE 10FE	00000000	00	未知 field not present in all samples
heat	Learn4Code	帧1-104-111	7AFE 18FE 79FE 9CFA 7AFE 18FE 7AFE 9CFA 7AFE 17FE 7BFE 17FE 7AFE 17FE 7AFE CAFD	01010001	8A	未知 field not present in all samples
heat	Learn4Code	帧1-112-119	7AFE 9BFA 7AFE 17FE 7AFE 9BFA 7BFE 9BFA 7BFE 17FE 7AFE 9AFA 7BFE 9BFA 7AFE 93FA	10110111	ED	未知 field not present in all samples
heat	Learn4Code	帧1-120-127	7AFE 16FE 7AFE 16FE 7AFE 17FE 7BFE 17FE 7AFE 17FE 7BFE 17FE 7AFE 16FE 7AFE 0FFE	00000000	00	未知 field not present in all samples
heat	Learn4Code	帧1-128-135	7BFE 16FE 7AFE 16FE 7AFE 16FE 7CFE 16FE 7AFE 16FE 7BFE 16FE 7CFE 16FE 7BFE 0EFE	00000000	00	未知 field not present in all samples
heat	Learn4Code	帧1-136-143	7BFE 16FE 7BFE 16FE 7CFE 16FE 7BFE 15FE 7CFE 16FE 7CFE 15FE 7CFE 16FE 7BFE 0FFE	00000000	00	未知 field not present in all samples
heat	Learn4Code	帧1-144-151	7BFE 16FE 7BFE 15FE 7CFE 16FE 7BFE 15FE 7CFE 16FE 7BFE 16FE 7CFE 14FE 7BFE 0DFE	00000000	00	未知 field not present in all samples
heat	Learn4Code	帧1-152-159	7CFE 15FE 7DFE 15FE 7CFE 15FE 7CFE 15FE 7DFE 14FE 7DFE 15FE 7CFE 15FE 7DFE F9FD	00000001	80	未知 field not present in all samples
heat	Learn4Code	帧1-160-167	90FE 00FE 91FE 00FE 91FE 00FE 91FE 01FE 91FE 00FE 92FE 00FE 91FE 00FE 90FE F9FD	00000001	80	未知 field not present in all samples
heat	Learn4Code	帧1-168-175	A6FE 6FFA 92FE 00FE A5FE 70FA A5FE 70FA A5FE EDFD A5FE 70FA A5FE 70FA A6FE 65FA	10111111	FD	未知 field not present in all samples
heat	Learn4Code	帧1-标记	27F6			special marker or separator
heat	Learn4Code	帧1-标记	50F2			special marker or separator
heat	Learn4Code	帧1-标记	A6FE			special marker or separator
heat	Learn5Code	帧1-头	10F65CF6			chunk header bytes
heat	Learn5Code	帧1-0-7	39FE DDFA 39FE 59FE 38FE DDFA 38FE 59FE 38FE 59FE 39FE DDFA 39FE DDFA 39FE 51FE	10100110	65	未知 field not present in all samples
heat	Learn5Code	帧1-8-15	38FE DDFA 39FE DDFA 38FE 59FE 38FE DDFA 39FE DDFA 38FE 59FE 39FE DEFA 38FE 51FE	11011010	5B	未知 field not present in all samples
heat	Learn5Code	帧1-16-23	38FE 58FE 39FE 59FE 39FE 59FE 38FE 58FE 38FE 59FE 38FE 58FE 39FE 59FE 39FE 51FE	00000000	00	未知 field not present in all samples
heat	Learn5Code	帧1-24-31	39FE 58FE 39FE 59FE 38FE 59FE 38FE 59FE 39FE 59FE 39FE 58FE 3AFE 58FE 3AFE 50FE	00000000	00	未知 field not present in all samples
heat	Learn5Code	帧1-32-39	3AFE DCFA 3AFE DCFA 3AFE 58FE 39FE 58FE 3AFE 58FE 39FE 58FE 3AFE 58FE 3AFE 50FE	11000000	03	未知 field not present in all samples
heat	Learn5Code	帧1-40-47	3AFE DCFA 3AFE 57FE 3BFE DBFA 4FFE 43FE 4EFE 43FE 4EFE 43FE 4FFE 43FE 4EFE 3BFE	10100000	05	未知 field not present in all samples
heat	Learn5Code	帧1-48-55	4EFE 43FE 4FFE 43FE 4EFE 43FE 4FFE 43FE 4EFE 42FE 4EFE 43FE 4EFE 42FE 4EFE 3BFE	00000000	00	未知 field not present in all samples
heat	Learn5Code	帧1-56-63	4FFE C7FA 4FFE 42FE 4FFE 42FE 4EFE 43FE 4FFE 43FE 4FFE 42FE 4FFE 43FE 4FFE 3BFE	10000000	01	未知 field not present in all samples
heat	Learn5Code	帧1-64-71	4FFE 42FE 4FFE 43FE 4FFE 43FE 4FFE 42FE 50FE 42FE 4FFE 42FE 4FFE 41FE 4FFE 3AFE	00000000	00	未知 field not present in all samples
heat	Learn5Code	帧1-72-79	4FFE 42FE 4FFE 42FE 4FFE 42FE 50FE 41FE 50FE 42FE 50FE 41FE 50FE 41FE 50FE 3AFE	00000000	00	未知 field not present in all samples
heat	Learn5Code	帧1-80-87	4FFE 42FE 50FE 41FE 50FE 42FE 50FE 41FE 50FE 41FE 51FE 41FE 50FE 41FE 51FE 39FE	00000000	00	未知 field not present in all samples
heat	Learn5Code	帧1-88-95	51FE 40FE 50FE 40FE 51FE 41FE 51FE 40FE 51FE 3FFE 51FE 40FE 51FE 40FE 51FE 25FE	00000000	00	未知 field not present in all samples
heat	Learn5Code	帧1-96-103	65FE 2CFE 66FE 3FFE 52FE 2CFE 65FE 2DFE 65FE 2CFE 65FE 3FFE 66FE 18FE 79FE 10FE	00000000	00	未知 field not present in all samples
heat	Learn5Code	帧1-104-111	79FE 18FE 79FE 9CFA 7AFE 9CFA 7AFE 18FE 79FE 18FE 79FE 17FE 6FFE 22FE 7AFE CBFD	01100001	86	未知 field not present in all samples
heat	Learn5Code	帧1-112-119	7AFE 9CFA 7AFE 17FE 7AFE 9CFA 7AFE 9CFA 79FE 18FE 79FE 9CFA 79FE 9BFA 7AFE 94FA	10110111	ED	未知 field not present in all samples
heat	Learn5Code	帧1-120-127	7AFE 17FE 7AFE 17FE 7AFE 18FE 79FE 16FE 7AFE 17FE 7AFE 17FE 7BFE 17FE 7AFE 10FE	00000000	00	未知 field not present in all samples
heat	Learn5Code	帧1-128-135	79FE 18FE 7AFE 17FE 7AFE 17FE 7AFE 17FE 7AFE 17FE 7AFE 17FE 7AFE 17FE 7AFE 0FFE	00000000	00	未知 field not present in all samples
heat	Learn5Code	帧1-136-143	7AFE 16FE 7AFE 16FE 7AFE 17FE 7AFE 16FE 7AFE 16FE 7BFE 17FE 7AFE 16FE 7BFE 0FFE	00000000	00	未知 field not present in all samples
heat	Learn5Code	帧1-144-151	7AFE 17FE 7BFE 16FE 7BFE 17FE 7AFE 17FE 7BFE 16FE 7BFE 16FE 7AFE 16FE 7BFE 0FFE	00000000	00	未知 field not present in all samples
heat	Learn5Code	帧1-152-159	7BFE 16FE 7AFE 17FE 7BFE 16FE 7BFE 16FE 7CFE 16FE 7BFE 16FE 7CFE 15FE 7BFE 0EFE	00000000	00	未知 field not present in all samples
heat	Learn5Code	帧1-160-167	7CFE 16FE 7BFE 16FE 7BFE 17FE 7BFE 15FE 7CFE 16FE 7BFE 15FE 7CFE 15FE 7CFE 0DFE	00000000	00	未知 field not present in all samples
heat	Learn5Code	帧1-168-175	7CFE 99FA 7CFE 15FE 7CFE 99FA 7CFE 99FA 7CFE 16FE 7CFE 99FA 7DFE 98FA 7CFE 8EFA	10110111	ED	未知 field not present in all samples
heat	Learn5Code	帧1-标记	26F6			special marker or separator
heat	Learn5Code	帧1-标记	4FF2			special marker or separator
heat	Learn5Code	帧1-标记	7CFE			special marker or separator
heat	Learn6Code	帧1-头	10F65DF6			chunk header bytes
heat	Learn6Code	帧1-0-7	3AFE DCFA 39FE 59FE 39FE DDFA 38FE 59FE 3AFE 58FE 39FE DDFA 39FE DCFA 38FE 52FE	10100110	65	未知 field not present in all samples
heat	Learn6Code	帧1-8-15	39FE DCFA 39FE 58FE 39FE 59FE 39FE 59FE 39FE DCFA 3AFE 58FE 39FE DDFA 39FE 51FE	10001010	51	未知 field not present in all samples
heat	Learn6Code	帧1-16-23	39FE 58FE 3AFE 58FE 39FE 58FE 3AFE 58FE 3AFE 57FE 3AFE 57FE 3AFE 56FE 4EFE 3BFE	00000000	00	未知 field not present in all samples
heat	Learn6Code	帧1-24-31	3BFE 57FE 3AFE 58FE 4EFE 42FE 4FFE 43FE 4EFE 43FE 4EFE 42FE 4EFE 42FE 4FFE 3BFE	00000000	00	未知 field not present in all samples
heat	Learn6Code	帧1-32-39	4FFE C7FA 4FFE C7FA 4FFE 42FE 4FFE 43FE 4EFE 42FE 4FFE 41FE 4FFE 42FE 4FFE 3AFE	11000000	03	未知 field not present in all samples
heat	Learn6Code	帧1-40-47	4FFE C6FA 4FFE 42FE 50FE C6FA 4FFE 42FE 50FE 41FE 50FE 42FE 50FE 41FE 50FE 3BFE	10100000	05	未知 field not present in all samples
heat	Learn6Code	帧1-48-55	4FFE 41FE 50FE 41FE 50FE 41FE 50FE 40FE 51FE 41FE 50FE 40FE 51FE 40FE 51FE 39FE	00000000	00	未知 field not present in all samples
heat	Learn6Code	帧1-56-63	50FE C5FA 51FE 2EFE 63FE 41FE 51FE 41FE 51FE 2DFE 64FE 2DFE 65FE 2DFE 65FE 24FE	10000000	01	未知 field not present in all samples
heat	Learn6Code	帧1-64-71	64FE 2DFE 65FE 2CFE 64FE 2CFE 79FE 19FE 79FE 18FE 66FE 2BFE 79FE 18FE 7AFE 10FE	00000000	00	未知 field not present in all samples
heat	Learn6Code	帧1-72-79	78FE 19FE 79FE 18FE 79FE 17FE 7AFE 18FE 79FE 18FE 79FE 19FE 79FE 18FE 79FE 11FE	00000000	00	未知 field not present in all samples
heat	Learn6Code	帧1-80-87	79FE 18FE 79FE 18FE 7AFE 18FE 79FE 17FE 7AFE 18FE 7AFE 17FE 7AFE 17FE 7AFE 10FE	00000000	00	未知 field not present in all samples
heat	Learn6Code	帧1-88-95	7AFE 17FE 7AFE 18FE 79FE 17FE 7AFE 17FE 79FE 17FE 7AFE 17FE 7BFE 17FE 7AFE 10FE	00000000	00	未知 field not present in all samples
heat	Learn6Code	帧1-96-103	7AFE 16FE 7BFE 17FE 7AFE 16FE 7BFE 17FE 7BFE 17FE 7AFE 17FE 7BFE 17FE 7BFE 93FA	00000000	00	未知 field not present in all samples
heat	Learn6Code	帧1-104-111	7BFE 17FE 7AFE 17FE 7BFE 17FE 7BFE 9BFA 7AFE 17FE 7AFE 17FE 7BFE 16FE 7CFE 4DFA	00000000	00	未知 field not present in all samples
heat	Learn6Code	帧1-112-119	7BFE 9BFA 7AFE 16FE 7BFE 9AFA 7BFE 9AFA 7BFE 17FE 7BFE 9AFA 7AFE 9AFA 7BFE 92FA	00000000	00	未知 field not present in all samples
heat	Learn6Code	帧1-120-127	7BFE 16FE 7BFE 16FE 7BFE 16FE 7BFE 16FE 7AFE 16FE 7AFE 16FE 7BFE 16FE 7BFE 0FFE	00000000	00	未知 field not present in all samples
heat	Learn6Code	帧1-128-135	7BFE 17FE 7AFE 16FE 7BFE 17FE 7BFE 16FE 7BFE 16FE 7BFE 16FE 7CFE 15FE 7CFE 0EFE	00000000	00	未知 field not present in all samples
heat	Learn6Code	帧1-136-143	7BFE 15FE 7CFE 15FE 7CFE 16FE 7DFE 15FE 7CFE 14FE 7DFE 14FE 91FE 00FE 7DFE 0CFE	00000000	00	未知 field not present in all samples
heat	Learn6Code	帧1-144-151	92FE 00FE 91FE 00FE 91FE FFFD 91FE 00FE 92FE EBFD A6FE EBFD A5FE ECFD A5FE E4FD	00101111	F4	未知 field not present in all samples
heat	Learn6Code	帧1-152-159	A5FE EBFD A6FE EBFD A6FE EBFD A5FE EAFD A6FE EBFD A5FE EBFD A6FE EBFD A6FE E3FD	11111111	FF	未知 field not present in all samples
heat	Learn6Code	帧1-160-167	A5FE EBFD A6FE EBFD A6FE EBFD A6FE EAFD A6FE EAFD A6FE EBFD A6FE EBFD A6FE E3FD	11111111	FF	未知 field not present in all samples
heat	Learn6Code	帧1-168-175	A6FE 6EFA A6FE EBFD A7FE 6FFA A6FE 6DFA A7FE EBFD A6FE 6DFA A6FE 6EFA A6FE 64FA	01001000	12	未知 field not present in all samples
heat	Learn6Code	帧1-标记	25F6			special marker or separator
heat	Learn6Code	帧1-标记	4FF2			special marker or separator
heat	Learn6Code	帧1-标记	A7FE			special marker or separator
heat	Learn7Code	帧1-头	10F65BF6			chunk header bytes
heat	Learn7Code	帧1-0-7	3AFE DDFA 38FE 59FE 39FE DDFA 38FE 59FE 39FE 59FE 38FE DEFA 38FE DEFA 38FE 51FE	10100110	65	未知 field not present in all samples
heat	Learn7Code	帧1-8-15	38FE 59FE 38FE DDFA 38FE DDFA 38FE DCFA 39FE DDFA 38FE 5AFE 38FE DDFA 39FE 50FE	01111010	5E	未知 field not present in all samples
heat	Learn7Code	帧1-16-23	39FE 59FE 38FE 58FE 38FE 59FE 38FE 58FE 38FE 58FE 38FE 58FE 38FE 59FE 38FE 51FE	00000000	00	未知 field not present in all samples
heat	Learn7Code	帧1-24-31	39FE 58FE 39FE 58FE 39FE 59FE 38FE 59FE 38FE 59FE 39FE 58FE 39FE 59FE 38FE 50FE	00000000	00	未知 field not present in all samples
heat	Learn7Code	帧1-32-39	39FE DCFA 39FE DDFA 39FE 58FE 3AFE 58FE 39FE 58FE 39FE 57FE 3AFE 58FE 3AFE 50FE	11000000	03	未知 field not present in all samples
heat	Learn7Code	帧1-40-47	39FE DBFA 39FE 57FE 3BFE DBFA 3AFE 57FE 3AFE 57FE 4EFE 43FE 4EFE 43FE 4EFE 3CFE	10100000	05	未知 field not present in all samples
heat	Learn7Code	帧1-48-55	4EFE 43FE 4EFE 43FE 4FFE 42FE 4EFE 43FE 4EFE 42FE 4EFE 42FE 4EFE 43FE 4EFE 3BFE	00000000	00	未知 field not present in all samples
heat	Learn7Code	帧1-56-63	4FFE C6FA 4FFE 43FE 4EFE 42FE 4EFE 42FE 4FFE 42FE 4FFE 42FE 4FFE 42FE 4EFE 3BFE	10000000	01	未知 field not present in all samples
heat	Learn7Code	帧1-64-71	4FFE 42FE 4FFE 42FE 4FFE 42FE 4EFE 43FE 4FFE 42FE 50FE 42FE 4FFE 42FE 4FFE 3BFE	00000000	00	未知 field not present in all samples
heat	Learn7Code	帧1-72-79	4FFE 42FE 4FFE 42FE 4FFE 42FE 4FFE 42FE 50FE 41FE 50FE 42FE 50FE 41FE 50FE 3AFE	00000000	00	未知 field not present in all samples
heat	Learn7Code	帧1-80-87	50FE 41FE 4FFE 41FE 4FFE 41FE 50FE 41FE 50FE 41FE 4FFE 40FE 51FE 41FE 50FE 39FE	00000000	00	未知 field not present in all samples
heat	Learn7Code	帧1-88-95	51FE 41FE 50FE 40FE 51FE 40FE 51FE 40FE 51FE 40FE 51FE 2CFE 65FE 2CFE 65FE 37FE	00000000	00	未知 field not present in all samples
heat	Learn7Code	帧1-96-103	52FE 40FE 66FE 18FE 64FE 2DFE 65FE 2DFE 65FE 2CFE 65FE 2CFE 79FE 18FE 65FE A8FA	00000000	00	未知 field not present in all samples
heat	Learn7Code	帧1-104-111	79FE 18FE 79FE 18FE 78FE 17FE 79FE 18FE 79FE 18FE 7AFE 18FE 79FE 18FE 79FE 4FFA	00000000	00	未知 field not present in all samples
heat	Learn7Code	帧1-112-119	79FE 9CFA 7AFE 17FE 7AFE 9CFA 79FE 9BFA 7AFE 17FE 79FE 9CFA 7AFE 9BFA 7AFE 93FA	00000000	00	未知 field not present in all samples
heat	Learn7Code	帧1-120-127	7AFE 17FE 79FE 17FE 7AFE 17FE 7AFE 18FE 7AFE 17FE 7AFE 17FE 79FE 17FE 7BFE 0FFE	00000000	00	未知 field not present in all samples
heat	Learn7Code	帧1-128-135	7AFE 17FE 7AFE 16FE 7AFE 17FE 7AFE 17FE 7AFE 16FE 7AFE 17FE 7AFE 17FE 7AFE 0FFE	00000000	00	未知 field not present in all samples
heat	Learn7Code	帧1-136-143	79FE 16FE 7AFE 16FE 7BFE 17FE 7BFE 16FE 7BFE 16FE 7BFE 16FE 7BFE 16FE 7BFE 0FFE	00000000	00	未知 field not present in all samples
heat	Learn7Code	帧1-144-151	7AFE 16FE 7BFE 16FE 7BFE 16FE 7BFE 16FE 7CFE 16FE 7BFE 16FE 7BFE 15FE 7BFE 0EFE	00000000	00	未知 field not present in all samples
heat	Learn7Code	帧1-152-159	7CFE 15FE 7CFE 15FE 7CFE 16FE 7BFE 16FE 7CFE 16FE 7BFE 15FE 7CFE 15FE 7CFE 0EFE	00000000	00	未知 field not present in all samples
heat	Learn7Code	帧1-160-167	7CFE 15FE 7CFE 15FE 7CFE 15FE 7DFE 15FE 7CFE 15FE 7DFE 14FE 7DFE 01FE 90FE F9FD	00000001	80	未知 field not present in all samples
heat	Learn7Code	帧1-168-175	91FE 98FA 7DFE 00FE 91FE 84FA A5FE 70FA 91FE 00FE 90FE 84FA A5FE 70FA 91FE 7BFA	00000000	00	未知 field not present in all samples
heat	Learn7Code	帧1-标记	26F6			special marker or separator
heat	Learn7Code	帧1-标记	4EF2			special marker or separator
heat	Learn7Code	帧1-标记	A4FE			special marker or separator
heat	Learn8Code	帧1-头	0FF65BF6			chunk header bytes
heat	Learn8Code	帧1-0-7	39FE DCFA 39FE 58FE 38FE DCFA 39FE 58FE 39FE 58FE 39FE DCFA 38FE DCFA 38FE 50FE	10100110	65	未知 field not present in all samples
heat	Learn8Code	帧1-8-15	39FE 59FE 38FE DCFA 39FE DDFA 38FE 58FE 39FE DCFA 39FE 58FE 39FE DBFA 38FE 51FE	01101010	56	未知 field not present in all samples
heat	Learn8Code	帧1-16-23	39FE 58FE 39FE 58FE 39FE 58FE 38FE 59FE 3AFE 57FE 39FE 58FE 39FE 57FE 3AFE 4FFE	00000000	00	未知 field not present in all samples
heat	Learn8Code	帧1-24-31	3AFE 57FE 39FE 58FE 3AFE 57FE 3AFE 57FE 4EFE 43FE 3AFE 57FE 3AFE 57FE 3AFE 4FFE	00000000	00	未知 field not present in all samples
heat	Learn8Code	帧1-32-39	3AFE DBFA 3AFE DBFA 4EFE 43FE 4EFE 42FE 4FFE 42FE 4FFE 42FE 4FFE 42FE 4EFE 3BFE	11000000	03	未知 field not present in all samples
heat	Learn8Code	帧1-40-47	4FFE C6FA 4EFE 42FE 4FFE C6FA 4FFE 42FE 4FFE 42FE 50FE 42FE 4FFE 42FE 4FFE 3BFE	10100000	05	未知 field not present in all samples
heat	Learn8Code	帧1-48-55	4EFE 41FE 4FFE 42FE 4FFE 41FE 4FFE 42FE 4FFE 42FE 4FFE 41FE 4FFE 42FE 4FFE 3AFE	00000000	00	未知 field not present in all samples
heat	Learn8Code	帧1-56-63	50FE C5FA 50FE 41FE 50FE 41FE 50FE 41FE 4FFE 42FE 50FE 41FE 50FE 41FE 50FE 39FE	10000000	01	未知 field not present in all samples
heat	Learn8Code	帧1-64-71	50FE 40FE 51FE 40FE 50FE 40FE 51FE 41FE 50FE 41FE 50FE 40FE 50FE 41FE 51FE 39FE	00000000	00	未知 field not present in all samples
heat	Learn8Code	帧1-72-79	50FE 40FE 51FE 2DFE 64FE 2DFE 64FE 40FE 52FE 2CFE 65FE 2CFE 64FE 2CFE 65FE 25FE	00000000	00	未知 field not present in all samples
heat	Learn8Code	帧1-80-87	65FE 2CFE 64FE 2CFE 65FE 2CFE 7AFE 17FE 65FE 2CFE 79FE 18FE 79FE 18FE 65FE 24FE	00000000	00	未知 field not present in all samples
heat	Learn8Code	帧1-88-95	65FE 2CFE 79FE 18FE 79FE 18FE 79FE 17FE 78FE 18FE 7AFE 17FE 7AFE 18FE 79FE 10FE	00000000	00	未知 field not present in all samples
heat	Learn8Code	帧1-96-103	79FE 18FE 79FE 18FE 7AFE 17FE 7AFE 17FE 7AFE 18FE 79FE 17FE 7AFE 17FE 7AFE 93FA	00000000	00	未知 field not present in all samples
heat	Learn8Code	帧1-104-111	7AFE 9AFA 7AFE 9AFA 7AFE 9BFA 7BFE 9AFA 7AFE 17FE 7AFE 17FE 7BFE 16FE 7AFE 4EFA	11110000	0F	未知 field not present in all samples
heat	Learn8Code	帧1-112-119	7AFE 9BFA 7BFE 16FE 7AFE 9AFA 7BFE 9AFA 7BFE 17FE 7AFE 9AFA 7AFE 9AFA 7BFE 92FA	10110110	6D	未知 field not present in all samples
heat	Learn8Code	帧1-120-127	7CFE 16FE 7BFE 16FE 7BFE 16FE 7CFE 15FE 7BFE 15FE 7CFE 15FE 7CFE 02FE 90FE 0DFE	00000000	00	未知 field not present in all samples
heat	Learn8Code	帧1-128-135	7BFE 15FE 7DFE 15FE 7CFE 01FE 91FE 01FE 91FE 00FE 90FE 01FE 90FE 00FE 91FE F9FD	00000001	80	未知 field not present in all samples
heat	Learn8Code	帧1-136-143	91FE 00FE A5FE ECFD 90FE 00FE A6FE EBFD A5FE ECFD A5FE ECFD 91FE FFFD A5FE E4FD	01011111	FA	未知 field not present in all samples
heat	Learn8Code	帧1-144-151	A6FE EBFD A5FE EBFD A5FE ECFD A6FE EBFD A5FE EBFD A5FE EBFD A6FE EBFD A6FE E4FD	11111111	FF	未知 field not present in all samples
heat	Learn8Code	帧1-152-159	A6FE EBFD A6FE EBFD A6FE EBFD A6FE EBFD A6FE EAFD A6FE D7FD BBFE EAFD A7FE CEFD	11111111	FF	未知 field not present in all samples
heat	Learn8Code	帧1-160-167	BBFE D6FD BAFE EBFD A7FE D5FD BBFE D5FD BCFE D6FD BBFE EAFD A7FE D6FD BBFE CEFD	11111111	FF	未知 field not present in all samples
heat	Learn8Code	帧1-168-175	BBFE 59FA BBFE D5FD BCFE 59FA BCFE 59FA BBFE D6FD BBFE 5AFA BCFE 59FA BBFE 4FFA	01001000	12	未知 field not present in all samples
heat	Learn8Code	帧1-标记	25F6			special marker or separator
heat	Learn8Code	帧1-标记	4DF2			special marker or separator
heat	Learn8Code	帧1-标记	BBFE			special marker or separator
heat	Learn9Code	帧1-头	0FF65BF6			chunk header bytes
heat	Learn9Code	帧1-0-7	39FE DCFA 39FE 58FE 39FE DDFA 39FE 58FE 39FE 58FE 38FE DDFA 38FE DDFA 38FE 50FE	10100110	65	未知 field not present in all samples
heat	Learn9Code	帧1-8-15	38FE 58FE 39FE DCFA 38FE 58FE 39FE DCFA 39FE DDFA 39FE 58FE 39FE DCFA 39FE 51FE	01011010	5A	未知 field not present in all samples
heat	Learn9Code	帧1-16-23	39FE 58FE 39FE 59FE 39FE 58FE 3AFE 58FE 39FE 58FE 39FE 57FE 39FE 58FE 3AFE 50FE	00000000	00	未知 field not present in all samples
heat	Learn9Code	帧1-24-31	3AFE 57FE 3AFE 58FE 3AFE 57FE 3AFE 58FE 3AFE 57FE 3BFE 57FE 4EFE 43FE 4FFE 3BFE	00000000	00	未知 field not present in all samples
heat	Learn9Code	帧1-32-39	3AFE DBFA 4FFE C6FA 4FFE 43FE 4EFE 42FE 4EFE 43FE 4FFE 42FE 4FFE 43FE 4EFE 3BFE	11000000	03	未知 field not present in all samples
heat	Learn9Code	帧1-40-47	4EFE C7FA 4FFE 42FE 4FFE C7FA 4EFE 42FE 4FFE 42FE 4EFE 42FE 4EFE 42FE 4FFE 3BFE	10100000	05	未知 field not present in all samples
heat	Learn9Code	帧1-48-55	4FFE 42FE 50FE 42FE 4FFE 42FE 4FFE 42FE 4FFE 42FE 4FFE 42FE 4FFE 43FE 4FFE 3AFE	00000000	00	未知 field not present in all samples
heat	Learn9Code	帧1-56-63	4FFE C5FA 4FFE 41FE 50FE 42FE 4FFE 42FE 50FE 41FE 4FFE 42FE 4FFE 41FE 50FE 3AFE	10000000	01	未知 field not present in all samples
heat	Learn9Code	帧1-64-71	4FFE 41FE 50FE 41FE 51FE 41FE 50FE 41FE 50FE 41FE 51FE 41FE 50FE 41FE 51FE 39FE	00000000	00	未知 field not present in all samples
heat	Learn9Code	帧1-72-79	51FE 40FE 51FE 41FE 50FE 3FFE 51FE 2DFE 64FE 40FE 51FE 2DFE 65FE 2DFE 64FE 25FE	00000000	00	未知 field not present in all samples
heat	Learn9Code	帧1-80-87	64FE 2DFE 64FE 40FE 52FE 2DFE 64FE 40FE 52FE 2CFE 66FE 2BFE 79FE 18FE 7AFE 10FE	00000000	00	未知 field not present in all samples
heat	Learn9Code	帧1-88-95	65FE 2CFE 78FE 17FE 79FE 18FE 79FE 18FE 79FE 18FE 65FE 2CFE 79FE 18FE 79FE 11FE	00000000	00	未知 field not present in all samples
heat	Learn9Code	帧1-96-103	79FE 17FE 7AFE 17FE 7AFE 17FE 79FE 18FE 79FE 17FE 7AFE 17FE 79FE 17FE 7AFE 93FA	00000000	00	未知 field not present in all samples
heat	Learn9Code	帧1-104-111	79FE 9BFA 7AFE 9BFA 7AFE 9CFA 79FE 17FE 7AFE 17FE 7AFE 18FE 7AFE 17FE 7AFE 4FFA	00000000	00	未知 field not present in all samples
heat	Learn9Code	帧1-112-119	7AFE 9BFA 7AFE 17FE 7AFE 9BFA 7AFE 9BFA 7AFE 17FE 7BFE 9AFA 7AFE 9BFA 7AFE 93FA	00000000	00	未知 field not present in all samples
heat	Learn9Code	帧1-120-127	7AFE 17FE 7AFE 17FE 7AFE 16FE 7AFE 17FE 7AFE 17FE 7BFE 17FE 7BFE 16FE 7AFE 10FE	00000000	00	未知 field not present in all samples
heat	Learn9Code	帧1-128-135	7AFE 16FE 7BFE 16FE 7BFE 16FE 7CFE 16FE 7BFE 16FE 7BFE 16FE 7BFE 16FE 7BFE 0EFE	00000000	00	未知 field not present in all samples
heat	Learn9Code	帧1-136-143	7BFE 16FE 7CFE 16FE 7BFE 16FE 7BFE 16FE 7CFE 15FE 7CFE 15FE 7CFE 15FE 7CFE 0DFE	00000000	00	未知 field not present in all samples
heat	Learn9Code	帧1-144-151	7DFE 14FE 7DFE 15FE 7CFE 15FE 7DFE 01FE 90FE 01FE 90FE 01FE 91FE 00FE 91FE F8FD	00000001	80	未知 field not present in all samples
heat	Learn9Code	帧1-152-159	90FE 01FE 91FE 00FE 91FE 00FE A5FE ECFD A5FE EBFD A6FE ECFD A6FE EBFD A5FE E5FD	00011111	F8	未知 field not present in all samples
heat	Learn9Code	帧1-160-167	A5FE ECFD A5FE ECFD A6FE EBFD A6FE EBFD A6FE EBFD A6FE EBFD A5FE EBFD A6FE E4FD	11111111	FF	未知 field not present in all samples
heat	Learn9Code	帧1-168-175	A6FE 6FFA A5FE ECFD A5FE 6FFA A6FE 6FFA A7FE EBFD A6FE 70FA A5FE 6FFA A6FE 65FA	01001000	12	未知 field not present in all samples
heat	Learn9Code	帧1-标记	26F6			special marker or separator
heat	Learn9Code	帧1-标记	4DF2			special marker or separator
heat	Learn9Code	帧1-标记	A6FE			special marker or separator
heat	Learn10Code	帧1-头	10F65CF6			chunk header bytes
heat	Learn10Code	帧1-0-7	39FE DDFA 38FE 59FE 38FE DDFA 39FE 59FE 38FE 59FE 38FE DDFA 38FE DDFA 38FE 51FE	10100110	65	未知 field not present in all samples
heat	Learn10Code	帧1-8-15	38FE 59FE 38FE DDFA 38FE 58FE 38FE 59FE 38FE DCFA 38FE 59FE 38FE DDFA 38FE 51FE	01001010	52	未知 field not present in all samples
heat	Learn10Code	帧1-16-23	38FE 59FE 39FE 59FE 38FE 59FE 38FE 58FE 39FE 59FE 38FE 59FE 39FE 58FE 38FE 50FE	00000000	00	未知 field not present in all samples
heat	Learn10Code	帧1-24-31	38FE 59FE 38FE 58FE 39FE 59FE 38FE 59FE 39FE 58FE 39FE 58FE 39FE 58FE 3AFE 4FFE	00000000	00	未知 field not present in all samples
heat	Learn10Code	帧1-32-39	3AFE DCFA 38FE DCFA 39FE 57FE 3AFE 57FE 3AFE 58FE 4DFE 43FE 4EFE 44FE 4EFE 3BFE	11000000	03	未知 field not present in all samples
heat	Learn10Code	帧1-40-47	4EFE C7FA 4EFE 43FE 4DFE C7FA 4EFE 43FE 4DFE 43FE 4DFE 44FE 4EFE 43FE 4EFE 3BFE	10100000	05	未知 field not present in all samples
heat	Learn10Code	帧1-48-55	4DFE 43FE 4EFE 43FE 4EFE 43FE 4EFE 43FE 4EFE 42FE 4EFE 43FE 4EFE 43FE 4EFE 3CFE	00000000	00	未知 field not present in all samples
heat	Learn10Code	帧1-56-63	4EFE C7FA 4EFE 43FE 4AFE 47FE 4FFE 42FE 4FFE 42FE 4EFE 42FE 4FFE 42FE 4FFE 3BFE	10000000	01	未知 field not present in all samples
heat	Learn10Code	帧1-64-71	4FFE 42FE 4FFE 42FE 4FFE 43FE 4FFE 42FE 4FFE 42FE 4FFE 42FE 4FFE 42FE 4FFE 3BFE	00000000	00	未知 field not present in all samples
heat	Learn10Code	帧1-72-79	4FFE 41FE 50FE 42FE 4FFE 41FE 4FFE 41FE 4FFE 41FE 4FFE 40FE 50FE 41FE 50FE 39FE	00000000	00	未知 field not present in all samples
heat	Learn10Code	帧1-80-87	51FE 41FE 50FE 40FE 50FE 41FE 50FE 40FE 51FE 2CFE 63FE 40FE 51FE 2DFE 64FE 38FE	00000000	00	未知 field not present in all samples
heat	Learn10Code	帧1-88-95	51FE 2DFE 65FE 2CFE 65FE 2CFE 65FE 2CFE 64FE 2DFE 64FE 2DFE 78FE 18FE 79FE 10FE	00000000	00	未知 field not present in all samples
heat	Learn10Code	帧1-96-103	7AFE 17FE 79FE 19FE 79FE 18FE 79FE 18FE 78FE 19FE 78FE 19FE 79FE 18FE 79FE 94FA	00000000	00	未知 field not present in all samples
heat	Learn10Code	帧1-104-111	7AFE 9BFA 7AFE 9CFA 79FE 18FE 79FE 9CFA 79FE 18FE 79FE 18FE 79FE 18FE 79FE 4FFA	00000000	00	未知 field not present in all samples
heat	Learn10Code	帧1-112-119	7AFE 9BFA 7AFE 18FE 79FE 9CFA 7AFE 9BFA 79FE 17FE 7AFE 9BFA 7AFE 9CFA 79FE 94FA	00000000	00	未知 field not present in all samples
heat	Learn10Code	帧1-120-127	7AFE 17FE 7AFE 18FE 79FE 18FE 79FE 16FE 7AFE 17FE 7AFE 17FE 7AFE 17FE 7AFE 10FE	00000000	00	未知 field not present in all samples
heat	Learn10Code	帧1-128-135	7AFE 17FE 7AFE 13FE 7EFE 17FE 7AFE 17FE 7AFE 17FE 7AFE 16FE 7AFE 17FE 7BFE 0FFE	00000000	00	未知 field not present in all samples
heat	Learn10Code	帧1-136-143	7AFE 16FE 7BFE 16FE 7BFE 17FE 7AFE 17FE 7BFE 16FE 7AFE 16FE 7BFE 16FE 7AFE 0FFE	00000000	00	未知 field not present in all samples
heat	Learn10Code	帧1-144-151	7AFE 17FE 7BFE 15FE 7BFE 16FE 7BFE 16FE 7BFE 16FE 7BFE 16FE 7BFE 15FE 7CFE 0EFE	00000000	00	未知 field not present in all samples
heat	Learn10Code	帧1-152-159	7BFE 16FE 7BFE 15FE 7BFE 16FE 7CFE 14FE 7BFE 15FE 7CFE 15FE 7BFE 16FE 7BFE 0DFE	00000000	00	未知 field not present in all samples
heat	Learn10Code	帧1-160-167	7CFE 15FE 7CFE 15FE 7CFE 15FE 90FE 01FE 7CFE 15FE 7CFE 00FE 91FE 14FE 7DFE 0CFE	00000000	00	未知 field not present in all samples
heat	Learn10Code	帧1-168-175	90FE 84FA 91FE 00FE 91FE 85FA 90FE 84FA 90FE EDFD A4FE 84FA 90FE 70FA A5FE 66FA	00001000	10	未知 field not present in all samples
heat	Learn10Code	帧1-标记	25F6			special marker or separator
heat	Learn10Code	帧1-标记	4EF2			special marker or separator
heat	Learn10Code	帧1-标记	A5FE			special marker or separator
power_cycle	Learn1Code	帧1-头	11F65DF6			chunk header bytes
power_cycle	Learn1Code	帧1-0-7	38FE DDFA 37FE 59FE 38FE DDFA 38FE 59FE 39FE 59FE 38FE DDFA 38FE DEFA 38FE 52FE	10100110	65	未知 field not present in all samples
power_cycle	Learn1Code	帧1-8-15	38FE DEFA 39FE 59FE 38FE DEFA 39FE 59FE 39FE 59FE 38FE DDFA 38FE DEFA 38FE 52FE	10100110	65	未知 field not present in all samples
power_cycle	Learn1Code	帧1-16-23	38FE 59FE 38FE 59FE 39FE 59FE 38FE 59FE 38FE 5AFE 38FE 59FE 39FE 59FE 39FE 51FE	00000000	00	未知 field not present in all samples
power_cycle	Learn1Code	帧1-24-31	38FE 59FE 38FE 59FE 38FE 59FE 38FE 59FE 38FE 59FE 39FE 59FE 38FE 59FE 39FE 51FE	00000000	00	未知 field not present in all samples
power_cycle	Learn1Code	帧1-32-39	38FE 58FE 39FE DCFA 3AFE 58FE 39FE 58FE 3AFE 58FE 3AFE 58FE 3AFE 58FE 3AFE 50FE	01000000	02	未知 field not present in all samples
power_cycle	Learn1Code	帧1-40-47	3AFE 58FE 4EFE C7FA 3AFE DCFA 4EFE 43FE 4EFE 44FE 4EFE 43FE 4FFE 43FE 4EFE 3BFE	01100000	06	未知 field not present in all samples
power_cycle	Learn1Code	帧1-48-55	4EFE 43FE 4EFE 43FE 4EFE 44FE 4EFE 44FE 4EFE 43FE 4EFE 43FE 4FFE 43FE 4EFE 3BFE	00000000	00	未知 field not present in all samples
power_cycle	Learn1Code	帧1-56-63	4EFE 43FE 4FFE 43FE 4FFE C8FA 4EFE 43FE 4EFE 43FE 4FFE 42FE 4EFE 43FE 4EFE 3BFE	00100000	04	未知 field not present in all samples
power_cycle	Learn1Code	帧1-64-71	4FFE 42FE 4FFE 43FE 4FFE 43FE 4FFE 43FE 4FFE 43FE 4FFE 42FE 4FFE 43FE 4FFE 3BFE	00000000	00	未知 field not present in all samples
power_cycle	Learn1Code	帧1-72-79	4FFE 42FE 50FE 42FE 50FE 42FE 4FFE 42FE 4FFE 42FE 50FE 43FE 4FFE 42FE 4FFE 3AFE	00000000	00	未知 field not present in all samples
power_cycle	Learn1Code	帧1-80-87	4FFE 43FE 4FFE 42FE 50FE 42FE 50FE 42FE 4FFE 42FE 50FE 41FE 50FE 42FE 50FE 3AFE	00000000	00	未知 field not present in all samples
power_cycle	Learn1Code	帧1-88-95	50FE 41FE 4FFE 41FE 51FE 41FE 50FE 41FE 50FE 41FE 51FE 41FE 51FE 2DFE 64FE 39FE	00000000	00	未知 field not present in all samples
power_cycle	Learn1Code	帧1-96-103	51FE 40FE 51FE 41FE 51FE 2DFE 63FE 40FE 51FE 2EFE 64FE B1FA 65FE C4FA 52FE 26FE	00000110	60	未知 field not present in all samples
power_cycle	Learn1Code	帧1-104-111	64FE 2CFE 65FE 2DFE 65FE 2DFE 65FE B1FA 65FE 2CFE 78FE 19FE 79FE 9DFA 79FE CCFD	00010011	C8	未知 field not present in all samples
power_cycle	Learn1Code	帧1-112-119	79FE 9DFA 79FE 19FE 79FE 9DFA 79FE 9CFA 78FE 18FE 79FE 9DFA 79FE 9DFA 79FE 95FA	10110111	ED	未知 field not present in all samples
power_cycle	Learn1Code	帧1-120-127	7AFE 18FE 79FE 18FE 79FE 18FE 79FE 18FE 79FE 18FE 79FE 19FE 79FE 18FE 79FE 10FE	00000000	00	未知 field not present in all samples
power_cycle	Learn1Code	帧1-128-135	7AFE 9CFA 79FE 9DFA 79FE 17FE 7AFE 18FE 7AFE 18FE 79FE 17FE 7AFE 18FE 79FE 10FE	11000000	03	未知 field not present in all samples
power_cycle	Learn1Code	帧1-136-143	7AFE 18FE 7AFE 17FE 79FE 18FE 7AFE 18FE 79FE 18FE 7AFE 17FE 7AFE 18FE 7AFE 10FE	00000000	00	未知 field not present in all samples
power_cycle	Learn1Code	帧1-144-151	7AFE 18FE 7AFE 17FE 7AFE 18FE 7AFE 17FE 79FE 17FE 7AFE 18FE 7AFE 17FE 7BFE 0FFE	00000000	00	未知 field not present in all samples
power_cycle	Learn1Code	帧1-152-159	79FE 17FE 7BFE 17FE 7AFE 18FE 7AFE 18FE 7AFE 17FE 7AFE 17FE 7AFE 18FE 7AFE 0FFE	00000000	00	未知 field not present in all samples
power_cycle	Learn1Code	帧1-160-167	7BFE 16FE 7AFE 17FE 7BFE 17FE 7BFE 17FE 7BFE 16FE 7BFE 17FE 7BFE 16FE 7BFE 0FFE	00000000	00	未知 field not present in all samples
power_cycle	Learn1Code	帧1-168-175	7BFE 17FE 7BFE 9BFA 7CFE 9AFA 7BFE 9AFA 7BFE 16FE 7BFE 9BFA 7BFE 9AFA 7CFE 90FA	01110111	EE	未知 field not present in all samples
power_cycle	Learn1Code	帧1-176-183	7CFE FDFF 0FF6 5CF6 25F6 4FF2 39FE DDFA 39FE 59FE 38FE DEFA 38FE 59FE 39FE 59FE	10010100	29	未知 field not present in all samples
power_cycle	Learn1Code	帧1-184-191	38FE DDFA 39FE DDFA 38FE 52FE 38FE DDFA 39FE 59FE 39FE DDFA 39FE 59FE 38FE 5AFE	11010100	2B	未知 field not present in all samples
power_cycle	Learn1Code	帧1-192-199	38FE DEFA 38FE DEFA 38FE 51FE 38FE 59FE 38FE 59FE 38FE 59FE 39FE 59FE 38FE 59FE	11000000	03	未知 field not present in all samples
power_cycle	Learn1Code	帧1-200-207	39FE 59FE 38FE 59FE 39FE 51FE 39FE 59FE 3AFE 58FE 39FE 58FE 39FE 58FE 39FE 59FE	00000000	00	未知 field not present in all samples
power_cycle	Learn1Code	帧1-208-215	39FE 59FE 39FE 58FE 38FE 51FE 38FE 58FE 3AFE DCFA 3AFE 58FE 39FE 57FE 3AFE 58FE	00001000	10	未知 field not present in all samples
power_cycle	Learn1Code	帧1-216-223	39FE 59FE 4EFE 44FE 4EFE 3CFE 4DFE 43FE 3AFE DCFA 4EFE C8FA 4EFE 43FE 4EFE 44FE	00001100	30	未知 field not present in all samples
power_cycle	Learn1Code	帧1-224-231	4EFE 43FE 4EFE 43FE 4EFE 3CFE 4EFE 43FE 4DFE 43FE 4FFE 43FE 4EFE 44FE 4EFE 43FE	00000000	00	未知 field not present in all samples
power_cycle	Learn1Code	帧1-232-239	4FFE 43FE 4EFE 42FE 4EFE 3BFE 4FFE 43FE 4EFE 43FE 4FFE C6FA 50FE 42FE 4FFE 42FE	00000100	20	未知 field not present in all samples
power_cycle	Learn1Code	帧1-240-247	4FFE 42FE 4FFE 42FE 4FFE 3BFE 4FFE 42FE 50FE 42FE 4FFE 43FE 4FFE 42FE 4FFE 42FE	00000000	00	未知 field not present in all samples
power_cycle	Learn1Code	帧1-248-255	50FE 42FE 4FFE 42FE 4FFE 3AFE 50FE 41FE 4FFE 41FE 50FE 42FE 50FE 41FE 50FE 41FE	00000000	00	未知 field not present in all samples
power_cycle	Learn1Code	帧1-256-263	50FE 41FE 51FE 41FE 50FE 39FE 51FE 40FE 51FE 41FE 51FE 41FE 50FE 40FE 50FE 2EFE	00000000	00	未知 field not present in all samples
power_cycle	Learn1Code	帧1-264-271	64FE 40FE 51FE 2EFE 64FE 25FE 79FE 19FE 65FE 2DFE 64FE 2DFE 64FE 2CFE 78FE 19FE	00000000	00	未知 field not present in all samples
power_cycle	Learn1Code	帧1-272-279	65FE 2DFE 65FE 2CFE 78FE 11FE 79FE 19FE 79FE 19FE 79FE 19FE 79FE 18FE 79FE 18FE	00000000	00	未知 field not present in all samples
power_cycle	Learn1Code	帧1-280-287	79FE 9DFA 79FE 9DFA 79FE 11FE 79FE 18FE 78FE 19FE 79FE 19FE 79FE 9CFA 79FE 17FE	11000010	43	未知 field not present in all samples
power_cycle	Learn1Code	帧1-288-295	7AFE 18FE 79FE 9DFA 79FE CCFD 79FE 9CFA 7AFE 18FE 79FE 9BFA 7AFE 9CFA 7AFE 18FE	01110110	6E	未知 field not present in all samples
power_cycle	Learn1Code	帧1-296-303	79FE 9BFA 79FE 9CFA 7AFE 94FA 79FE 18FE 7AFE 17FE 79FE 18FE 7AFE 17FE 7AFE 18FE	11100000	07	未知 field not present in all samples
power_cycle	Learn1Code	帧1-304-311	79FE 17FE 7AFE 17FE 7AFE 10FE 7AFE 9BFA 7AFE 9CFA 7AFE 17FE 79FE 17FE 79FE 17FE	00011000	18	未知 field not present in all samples
power_cycle	Learn1Code	帧1-312-319	7AFE 17FE 7AFE 17FE 7AFE 0FFE 7AFE 17FE 7AFE 17FE 7AFE 18FE 7AFE 17FE 7AFE 17FE	00000000	00	未知 field not present in all samples
power_cycle	Learn1Code	帧1-320-327	7AFE 17FE 7BFE 17FE 7BFE 0FFE 7BFE 17FE 7AFE 17FE 7BFE 17FE 7AFE 17FE 7BFE 17FE	00000000	00	未知 field not present in all samples
power_cycle	Learn1Code	帧1-328-335	7AFE 16FE 7BFE 17FE 7BFE 0EFE 7AFE 16FE 7BFE 17FE 7BFE 16FE 7AFE 17FE 7BFE 16FE	00000000	00	未知 field not present in all samples
power_cycle	Learn1Code	帧1-336-343	7CFE 16FE 7BFE 16FE 7CFE 0EFE 7CFE 16FE 7CFE 16FE 7AFE 16FE 7CFE 15FE 7BFE 16FE	00000000	00	未知 field not present in all samples
power_cycle	Learn1Code	帧1-344-351	7CFE 01FE 8FFE 16FE 7CFE FAFD 90FE 15FE 7CFE 85FA 90FE 99FA 7DFE 98FA 7DFE 14FE	00101110	74	未知 field not present in all samples
power_cycle	Learn1Code	帧1-352-354	7CFE 85FA 90FE 99FA 7DFE 8EFA	111	7	tail bits
power_cycle	Learn1Code	帧1-标记	25F6			special marker or separator
power_cycle	Learn1Code	帧1-标记	50F2			special marker or separator
power_cycle	Learn1Code	帧1-标记	7CFE			special marker or separator
power_cycle	Learn2Code	帧1-头	11F65CF6			chunk header bytes
power_cycle	Learn2Code	帧1-0-7	39FE DDFA 39FE 58FE 38FE DDFA 38FE 59FE 39FE 58FE 38FE DEFA 39FE DDFA 39FE 51FE	10100110	65	未知 field not present in all samples
power_cycle	Learn2Code	帧1-8-15	39FE DEFA 38FE 59FE 38FE 59FE 38FE 59FE 39FE DEFA 38FE 59FE 39FE DEFA 39FE 51FE	10001010	51	未知 field not present in all samples
power_cycle	Learn2Code	帧1-16-23	38FE 59FE 38FE 58FE 38FE 59FE 39FE 59FE 39FE 59FE 38FE 59FE 39FE 59FE 39FE 51FE	00000000	00	未知 field not present in all samples
power_cycle	Learn2Code	帧1-24-31	39FE 59FE 39FE 59FE 39FE 59FE 39FE 59FE 38FE 59FE 39FE 58FE 3AFE 57FE 39FE 50FE	00000000	00	未知 field not present in all samples
power_cycle	Learn2Code	帧1-32-39	3AFE DCFA 3AFE DCFA 39FE 58FE 38FE 58FE 39FE 57FE 4FFE 43FE 3AFE 57FE 3AFE 4EFE	11000000	03	未知 field not present in all samples
power_cycle	Learn2Code	帧1-40-47	4EFE C8FA 4EFE 43FE 4EFE C8FA 4EFE 43FE 4EFE 44FE 4EFE 43FE 4FFE 42FE 4EFE 3CFE	10100000	05	未知 field not present in all samples
power_cycle	Learn2Code	帧1-48-55	4EFE 43FE 4EFE 43FE 4FFE 43FE 4EFE 43FE 4FFE 43FE 4EFE 43FE 4FFE 43FE 4FFE 3BFE	00000000	00	未知 field not present in all samples
power_cycle	Learn2Code	帧1-56-63	4FFE C8FA 4FFE 42FE 4FFE 42FE 4FFE 42FE 4FFE 42FE 4FFE 43FE 4FFE 42FE 4FFE 3BFE	10000000	01	未知 field not present in all samples
power_cycle	Learn2Code	帧1-64-71	4FFE 42FE 4FFE 42FE 4FFE 42FE 4FFE 42FE 4FFE 42FE 4FFE 42FE 50FE 42FE 50FE 3AFE	00000000	00	未知 field not present in all samples
power_cycle	Learn2Code	帧1-72-79	50FE 42FE 4FFE 42FE 50FE 41FE 4FFE 41FE 50FE 42FE 4FFE 41FE 50FE 42FE 50FE 3AFE	00000000	00	未知 field not present in all samples
power_cycle	Learn2Code	帧1-80-87	50FE 41FE 50FE 41FE 50FE 40FE 50FE 41FE 51FE 41FE 51FE 40FE 51FE 40FE 51FE BCFA	00000001	80	未知 field not present in all samples
power_cycle	Learn2Code	帧1-88-95	51FE 40FE 50FE 40FE 51FE 2DFE 65FE 41FE 51FE 2CFE 64FE 40FE 51FE 2DFE 65FE 38FE	00000000	00	未知 field not present in all samples
power_cycle	Learn2Code	帧1-96-103	51FE 2DFE 79FE 2CFE 52FE 2CFE 65FE 2DFE 65FE 2CFE 79FE 9CFA 64FE B0FA 79FE 11FE	00000110	60	未知 field not present in all samples
power_cycle	Learn2Code	帧1-104-111	79FE 18FE 79FE 18FE 79FE 18FE 79FE 9DFA 79FE 18FE 79FE 9DFA 79FE 9DFA 79FE 50FA	00010110	68	未知 field not present in all samples
power_cycle	Learn2Code	帧1-112-119	79FE 9DFA 79FE 18FE 7AFE 9CFA 7AFE 9DFA 7AFE 18FE 79FE 9DFA 7AFE 9CFA 7AFE 95FA	10110111	ED	未知 field not present in all samples
power_cycle	Learn2Code	帧1-120-127	79FE 18FE 79FE 18FE 7AFE 18FE 79FE 18FE 79FE 18FE 79FE 18FE 7AFE 18FE 7AFE 10FE	00000000	00	未知 field not present in all samples
power_cycle	Learn2Code	帧1-128-135	7AFE 18FE 7AFE 18FE 79FE 18FE 7AFE 18FE 7AFE 17FE 7AFE 18FE 7AFE 18FE 79FE 11FE	00000000	00	未知 field not present in all samples
power_cycle	Learn2Code	帧1-136-143	7AFE 17FE 7AFE 18FE 7AFE 17FE 7AFE 17FE 79FE 17FE 7AFE 17FE 7AFE 17FE 7AFE 10FE	00000000	00	未知 field not present in all samples
power_cycle	Learn2Code	帧1-144-151	7AFE 17FE 7AFE 17FE 7AFE 17FE 7AFE 17FE 7AFE 18FE 7AFE 17FE 7AFE 17FE 7AFE 0FFE	00000000	00	未知 field not present in all samples
power_cycle	Learn2Code	帧1-152-159	7AFE 17FE 7BFE 17FE 7AFE 17FE 7AFE 17FE 7AFE 17FE 7AFE 17FE 7BFE 17FE 7AFE 0FFE	00000000	00	未知 field not present in all samples
power_cycle	Learn2Code	帧1-160-167	7BFE 16FE 7BFE 16FE 7CFE 16FE 7BFE 17FE 7AFE 16FE 7BFE 17FE 7BFE 16FE 7AFE 0EFE	00000000	00	未知 field not present in all samples
power_cycle	Learn2Code	帧1-168-175	7CFE 9AFA 7CFE 16FE 7CFE 99FA 7CFE 9AFA 7CFE 15FE 7BFE 9AFA 7CFE 99FA 7DFE 7BFA	10110111	ED	未知 field not present in all samples
power_cycle	Learn2Code	帧1-标记	27F6			special marker or separator
power_cycle	Learn2Code	帧1-标记	4FF2			special marker or separator
power_cycle	Learn2Code	帧1-标记	91FE			special marker or separator
power_cycle	Learn3Code	帧1-头	10F65EF6			chunk header bytes
power_cycle	Learn3Code	帧1-0-7	39FE DDFA 38FE 58FE 38FE DEFA 39FE 59FE 38FE 59FE 39FE DEFA 39FE DEFA 38FE 52FE	10100110	65	未知 field not present in all samples
power_cycle	Learn3Code	帧1-8-15	39FE DEFA 39FE 59FE 39FE 59FE 38FE 59FE 38FE DEFA 39FE 59FE 39FE DEFA 38FE 51FE	10001010	51	未知 field not present in all samples
power_cycle	Learn3Code	帧1-16-23	39FE 59FE 38FE 59FE 38FE 59FE 38FE 5AFE 39FE 59FE 39FE 59FE 38FE 59FE 39FE 51FE	00000000	00	未知 field not present in all samples
power_cycle	Learn3Code	帧1-24-31	3AFE 58FE 39FE 59FE 3AFE 58FE 39FE 59FE 39FE 59FE 39FE 59FE 3AFE 58FE 39FE 50FE	00000000	00	未知 field not present in all samples
power_cycle	Learn3Code	帧1-32-39	3AFE 58FE 39FE 58FE 39FE 58FE 3AFE 58FE 39FE 58FE 4EFE 44FE 4EFE 44FE 4EFE 3BFE	00000000	00	未知 field not present in all samples
power_cycle	Learn3Code	帧1-40-47	4FFE C8FA 3AFE 58FE 4EFE C8FA 4EFE 43FE 4EFE 43FE 4EFE 44FE 4FFE 42FE 4EFE 3CFE	10100000	05	未知 field not present in all samples
power_cycle	Learn3Code	帧1-48-55	4EFE 43FE 4FFE 42FE 4EFE 44FE 4EFE 43FE 4FFE 43FE 4EFE 43FE 4FFE 43FE 4FFE 3CFE	00000000	00	未知 field not present in all samples
power_cycle	Learn3Code	帧1-56-63	4EFE C7FA 4FFE 42FE 4EFE 42FE 4EFE 43FE 4FFE 43FE 4FFE 42FE 50FE 42FE 4FFE 3BFE	10000000	01	未知 field not present in all samples
power_cycle	Learn3Code	帧1-64-71	4EFE 43FE 4FFE 43FE 4FFE 43FE 4EFE 43FE 4FFE 43FE 4FFE 42FE 50FE 42FE 4FFE 3BFE	00000000	00	未知 field not present in all samples
power_cycle	Learn3Code	帧1-72-79	4FFE 42FE 4FFE 42FE 4FFE 42FE 4FFE 42FE 50FE 42FE 50FE 42FE 50FE 42FE 50FE 39FE	00000000	00	未知 field not present in all samples
power_cycle	Learn3Code	帧1-80-87	50FE 41FE 50FE 42FE 50FE 42FE 50FE 42FE 50FE 42FE 4FFE 42FE 50FE 42FE 50FE BEFA	00000001	80	未知 field not present in all samples
power_cycle	Learn3Code	帧1-88-95	50FE 40FE 51FE 41FE 50FE 40FE 51FE 40FE 50FE 41FE 51FE 2DFE 64FE 2DFE 64FE 39FE	00000000	00	未知 field not present in all samples
power_cycle	Learn3Code	帧1-96-103	51FE 41FE 52FE 40FE 51FE 2DFE 64FE 2DFE 79FE 19FE 65FE B1FA 65FE 2DFE 65FE BDFA	00000101	A0	未知 field not present in all samples
power_cycle	Learn3Code	帧1-104-111	53FE 2CFE 78FE B0FA 66FE 19FE 79FE 9DFA 79FE 19FE 79FE 9DFA 66FE B0FA 7AFE CBFD	01010111	EA	未知 field not present in all samples
power_cycle	Learn3Code	帧1-112-119	79FE 9DFA 79FE 18FE 79FE 9EFA 79FE 9DFA 79FE 19FE 79FE 9DFA 79FE 9DFA 7AFE 95FA	10110111	ED	未知 field not present in all samples
power_cycle	Learn3Code	帧1-120-127	79FE 18FE 7AFE 18FE 79FE 19FE 79FE 17FE 79FE 18FE 7AFE 18FE 79FE 18FE 79FE 11FE	00000000	00	未知 field not present in all samples
power_cycle	Learn3Code	帧1-128-135	79FE 18FE 79FE 18FE 7AFE 18FE 79FE 19FE 79FE 18FE 79FE 18FE 7AFE 18FE 79FE 10FE	00000000	00	未知 field not present in all samples
power_cycle	Learn3Code	帧1-136-143	79FE 17FE 79FE 18FE 7AFE 17FE 7AFE 18FE 7AFE 18FE 79FE 18FE 7AFE 18FE 7AFE 10FE	00000000	00	未知 field not present in all samples
power_cycle	Learn3Code	帧1-144-151	7AFE 17FE 7AFE 18FE 7AFE 17FE 7BFE 17FE 7AFE 17FE 7AFE 18FE 7AFE 18FE 79FE 11FE	00000000	00	未知 field not present in all samples
power_cycle	Learn3Code	帧1-152-159	7AFE 17FE 7AFE 18FE 7AFE 18FE 7AFE 17FE 7AFE 17FE 7BFE 17FE 7BFE 17FE 7AFE 0FFE	00000000	00	未知 field not present in all samples
power_cycle	Learn3Code	帧1-160-167	7AFE 17FE 7BFE 17FE 7BFE 16FE 7BFE 18FE 7AFE 17FE 7BFE 17FE 7BFE 16FE 7BFE 0FFE	00000000	00	未知 field not present in all samples
power_cycle	Learn3Code	帧1-168-175	7AFE 9CFA 7BFE 17FE 7BFE 9AFA 7CFE 9BFA 7BFE 17FE 7BFE 9AFA 7CFE 9BFA 7BFE 91FA	10110111	ED	未知 field not present in all samples
power_cycle	Learn3Code	帧1-标记	26F6			special marker or separator
power_cycle	Learn3Code	帧1-标记	50F2			special marker or separator
power_cycle	Learn3Code	帧1-标记	7BFE			special marker or separator
power_cycle	Learn7Code	帧1-头	12F65DF6			chunk header bytes
power_cycle	Learn7Code	帧1-0-7	39FE DDFA 3AFE 58FE 38FE DDFA 38FE 58FE 38FE 59FE 39FE DEFA 39FE DDFA 39FE 51FE	10100110	65	未知 field not present in all samples
power_cycle	Learn7Code	帧1-8-15	39FE DEFA 39FE 59FE 39FE 59FE 39FE 59FE 38FE DEFA 39FE 59FE 38FE DEFA 38FE 51FE	10001010	51	未知 field not present in all samples
power_cycle	Learn7Code	帧1-16-23	39FE 58FE 39FE 59FE 38FE 59FE 39FE 59FE 39FE 59FE 38FE 59FE 39FE 59FE 39FE 50FE	00000000	00	未知 field not present in all samples
power_cycle	Learn7Code	帧1-24-31	3AFE 58FE 3AFE 58FE 39FE 59FE 39FE 58FE 39FE 58FE 39FE 58FE 39FE 59FE 3AFE 50FE	00000000	00	未知 field not present in all samples
power_cycle	Learn7Code	帧1-32-39	39FE DCFA 3AFE DCFA 3BFE 57FE 3BFE 57FE 3AFE 58FE 4EFE 43FE 4EFE 44FE 3AFE 50FE	11000000	03	未知 field not present in all samples
power_cycle	Learn7Code	帧1-40-47	4EFE C8FA 4FFE 43FE 4FFE C7FA 4EFE 43FE 4FFE 43FE 4FFE 43FE 4FFE 43FE 4FFE 3BFE	10100000	05	未知 field not present in all samples
power_cycle	Learn7Code	帧1-48-55	4FFE 43FE 4EFE 43FE 4EFE 42FE 4FFE 42FE 4EFE 43FE 4FFE 42FE 4FFE 42FE 4FFE 3BFE	00000000	00	未知 field not present in all samples
power_cycle	Learn7Code	帧1-56-63	4EFE C7FA 4FFE 42FE 4FFE 43FE 4FFE 43FE 4FFE 43FE 4FFE 42FE 4FFE 42FE 50FE 3AFE	10000000	01	未知 field not present in all samples
power_cycle	Learn7Code	帧1-64-71	50FE 42FE 50FE 42FE 4FFE 42FE 4FFE 42FE 50FE 42FE 50FE 41FE 50FE 41FE 51FE 3AFE	00000000	00	未知 field not present in all samples
power_cycle	Learn7Code	帧1-72-79	50FE 41FE 50FE 40FE 51FE 41FE 51FE 40FE 50FE 42FE 51FE 40FE 50FE 2EFE 64FE 38FE	00000000	00	未知 field not present in all samples
power_cycle	Learn7Code	帧1-80-87	51FE 40FE 51FE 40FE 51FE 40FE 51FE 2DFE 64FE 2EFE 64FE 2CFE 64FE 40FE 51FE AAFA	00000001	80	未知 field not present in all samples
power_cycle	Learn7Code	帧1-88-95	64FE 2EFE 65FE 2CFE 65FE 2DFE 64FE 2DFE 65FE 2CFE 79FE 19FE 79FE 19FE 65FE 25FE	00000000	00	未知 field not present in all samples
power_cycle	Learn7Code	帧1-96-103	79FE 19FE 79FE 18FE 79FE 19FE 79FE 18FE 7AFE 18FE 65FE B0FA 79FE 19FE 79FE 96FA	00000101	A0	未知 field not present in all samples
power_cycle	Learn7Code	帧1-104-111	79FE 18FE 79FE 18FE 79FE 18FE 79FE 9CFA 79FE 18FE 78FE 9CFA 7AFE 9CFA 79FE CCFD	00010111	E8	未知 field not present in all samples
power_cycle	Learn7Code	帧1-112-119	79FE 9CFA 79FE 18FE 79FE 9DFA 79FE 9CFA 79FE 19FE 79FE 9DFA 7AFE 9CFA 79FE 95FA	10110111	ED	未知 field not present in all samples
power_cycle	Learn7Code	帧1-120-127	79FE 19FE 79FE 18FE 79FE 18FE 79FE 18FE 79FE 18FE 7AFE 18FE 7AFE 18FE 7AFE 10FE	00000000	00	未知 field not present in all samples
power_cycle	Learn7Code	帧1-128-135	7AFE 18FE 7AFE 17FE 7AFE 18FE 79FE 17FE 79FE 18FE 7AFE 18FE 7AFE 18FE 7AFE 10FE	00000000	00	未知 field not present in all samples
power_cycle	Learn7Code	帧1-136-143	7AFE 18FE 7AFE 18FE 7AFE 18FE 7AFE 17FE 79FE 18FE 7AFE 18FE 7AFE 17FE 7AFE 0FFE	00000000	00	未知 field not present in all samples
power_cycle	Learn7Code	帧1-144-151	7AFE 18FE 7AFE 17FE 7BFE 17FE 7AFE 17FE 7BFE 17FE 7BFE 17FE 7BFE 17FE 7AFE 10FE	00000000	00	未知 field not present in all samples
power_cycle	Learn7Code	帧1-152-159	7BFE 17FE 7BFE 16FE 7BFE 17FE 7BFE 17FE 7BFE 17FE 7BFE 16FE 7BFE 16FE 7BFE 0FFE	00000000	00	未知 field not present in all samples
power_cycle	Learn7Code	帧1-160-167	7BFE 17FE 7BFE 16FE 7BFE 16FE 7AFE 16FE 7BFE 16FE 7CFE 16FE 7CFE 16FE 7CFE 0EFE	00000000	00	未知 field not present in all samples
power_cycle	Learn7Code	帧1-168-175	7CFE 9BFA 7CFE 15FE 7CFE 9BFA 7CFE 99FA 7DFE 15FE 7CFE 85FA 91FE 85FA 91FE 7BFA	10110111	ED	未知 field not present in all samples
power_cycle	Learn7Code	帧1-标记	27F6			special marker or separator
power_cycle	Learn7Code	帧1-标记	51F2			special marker or separator
power_cycle	Learn7Code	帧1-标记	91FE			special marker or separator
power_cycle	Learn8Code	帧1-头	0FF65DF6			chunk header bytes
power_cycle	Learn8Code	帧1-0-7	39FE DDFA 38FE 59FE 38FE DEFA 38FE 59FE 39FE 59FE 39FE DCFA 38FE DEFA 38FE 52FE	10100110	65	未知 field not present in all samples
power_cycle	Learn8Code	帧1-8-15	38FE DCFA 38FE 59FE 39FE 59FE 38FE DDFA 38FE DDFA 39FE 59FE 38FE DAFA 3BFE 51FE	10011010	59	未知 field not present in all samples
power_cycle	Learn8Code	帧1-16-23	38FE 59FE 39FE 59FE 39FE 59FE 39FE 58FE 39FE 58FE 3AFE 58FE 39FE 59FE 39FE 51FE	00000000	00	未知 field not present in all samples
power_cycle	Learn8Code	帧1-24-31	39FE 55FE 3DFE 58FE 3AFE 57FE 3AFE 57FE 3AFE 58FE 3AFE 57FE 3AFE 58FE 3AFE 50FE	00000000	00	未知 field not present in all samples
power_cycle	Learn8Code	帧1-32-39	3AFE DCFA 4EFE C7FA 3AFE 58FE 4EFE 44FE 4EFE 43FE 4EFE 43FE 4EFE 43FE 4EFE 3BFE	11000000	03	未知 field not present in all samples
power_cycle	Learn8Code	帧1-40-47	4FFE C7FA 4FFE 42FE 4FFE C7FA 4FFE 42FE 4EFE 43FE 4FFE 43FE 4FFE 42FE 4EFE 3BFE	10100000	05	未知 field not present in all samples
power_cycle	Learn8Code	帧1-48-55	4FFE 42FE 4EFE 43FE 4FFE 43FE 4FFE 43FE 4FFE 42FE 4EFE 43FE 4FFE 43FE 4FFE 3AFE	00000000	00	未知 field not present in all samples
power_cycle	Learn8Code	帧1-56-63	50FE C7FA 4FFE 43FE 4FFE 42FE 50FE 42FE 4FFE 42FE 50FE 42FE 4FFE 42FE 50FE 3BFE	10000000	01	未知 field not present in all samples
power_cycle	Learn8Code	帧1-64-71	4FFE 42FE 50FE 42FE 4FFE 42FE 4FFE 41FE 4FFE 42FE 4FFE 42FE 4FFE 42FE 50FE 3AFE	00000000	00	未知 field not present in all samples
power_cycle	Learn8Code	帧1-72-79	50FE 42FE 50FE 41FE 50FE 41FE 51FE 41FE 50FE 41FE 50FE 2EFE 64FE 41FE 50FE 25FE	00000000	00	未知 field not present in all samples
power_cycle	Learn8Code	帧1-80-87	64FE 40FE 51FE 41FE 51FE 2DFE 64FE 2DFE 65FE 2DFE 65FE 2DFE 64FE 2DFE 65FE 25FE	00000000	00	未知 field not present in all samples
power_cycle	Learn8Code	帧1-88-95	65FE 2DFE 65FE 2CFE 64FE 2DFE 79FE 18FE 78FE 18FE 79FE 18FE 65FE 2CFE 79FE 11FE	00000000	00	未知 field not present in all samples
power_cycle	Learn8Code	帧1-96-103	79FE 19FE 79FE 19FE 78FE 18FE 65FE 2CFE 7AFE 18FE 79FE 19FE 79FE 18FE 7AFE 10FE	00000000	00	未知 field not present in all samples
power_cycle	Learn8Code	帧1-104-111	79FE 17FE 7AFE 18FE 79FE 9CFA 79FE 18FE 79FE 18FE 79FE 18FE 79FE 18FE 79FE CBFD	00100001	84	未知 field not present in all samples
power_cycle	Learn8Code	帧1-112-119	79FE 9CFA 79FE 18FE 79FE 9DFA 79FE 9DFA 7AFE 18FE 79FE 9DFA 79FE 9DFA 79FE 95FA	10110111	ED	未知 field not present in all samples
power_cycle	Learn8Code	帧1-120-127	79FE 18FE 79FE 18FE 79FE 18FE 79FE 18FE 79FE 18FE 79FE 18FE 79FE 18FE 79FE 10FE	00000000	00	未知 field not present in all samples
power_cycle	Learn8Code	帧1-128-135	7AFE 17FE 79FE 18FE 79FE 18FE 79FE 18FE 7AFE 18FE 79FE 18FE 7AFE 18FE 79FE 10FE	00000000	00	未知 field not present in all samples
power_cycle	Learn8Code	帧1-136-143	79FE 18FE 7AFE 18FE 79FE 18FE 79FE 18FE 7AFE 15FE 7CFE 18FE 7AFE 17FE 7AFE 10FE	00000000	00	未知 field not present in all samples
power_cycle	Learn8Code	帧1-144-151	7AFE 18FE 7AFE 18FE 79FE 18FE 7AFE 17FE 7AFE 18FE 7AFE 17FE 7AFE 17FE 7AFE 10FE	00000000	00	未知 field not present in all samples
power_cycle	Learn8Code	帧1-152-159	7AFE 17FE 7BFE 17FE 7AFE 18FE 7AFE 17FE 7BFE 17FE 7AFE 17FE 7AFE 16FE 7AFE 0FFE	00000000	00	未知 field not present in all samples
power_cycle	Learn8Code	帧1-160-167	7BFE 17FE 7BFE 16FE 7BFE 17FE 7BFE 17FE 7BFE 16FE 7BFE 16FE 7BFE 16FE 7BFE 0FFE	00000000	00	未知 field not present in all samples
power_cycle	Learn8Code	帧1-168-175	7BFE 9BFA 7BFE 11FE 7FFE 9BFA 7BFE 9BFA 7BFE 15FE 7BFE 9AFA 7BFE 9AFA 7CFE 90FA	10110111	ED	未知 field not present in all samples
power_cycle	Learn8Code	帧1-标记	26F6			special marker or separator
power_cycle	Learn8Code	帧1-标记	4FF2			special marker or separator
power_cycle	Learn8Code	帧1-标记	7CFE			special marker or separator
power_cycle	Learn9Code	帧1-头	10F65DF6			chunk header bytes
power_cycle	Learn9Code	帧1-0-7	39FE DDFA 39FE 59FE 39FE DDFA 39FE 58FE 38FE 59FE 39FE DDFA 38FE DDFA 39FE 51FE	10100110	65	未知 field not present in all samples
power_cycle	Learn9Code	帧1-8-15	39FE DDFA 39FE 59FE 39FE 59FE 38FE DDFA 38FE DEFA 39FE 59FE 38FE DEFA 39FE 51FE	10011010	59	未知 field not present in all samples
power_cycle	Learn9Code	帧1-16-23	39FE 59FE 39FE 59FE 38FE 59FE 39FE 59FE 39FE 58FE 39FE 59FE 39FE 59FE 39FE 51FE	00000000	00	未知 field not present in all samples
power_cycle	Learn9Code	帧1-24-31	39FE 59FE 39FE 59FE 39FE 59FE 39FE 59FE 39FE 58FE 39FE 58FE 39FE 58FE 39FE 51FE	00000000	00	未知 field not present in all samples
power_cycle	Learn9Code	帧1-32-39	3AFE DCFA 39FE DDFA 39FE 58FE 3AFE 57FE 3BFE 57FE 4EFE 43FE 3BFE 58FE 4EFE 3CFE	11000000	03	未知 field not present in all samples
power_cycle	Learn9Code	帧1-40-47	4EFE C8FA 3BFE 57FE 4EFE C8FA 4FFE 43FE 4FFE 43FE 4EFE 43FE 4EFE 43FE 4EFE 3BFE	10100000	05	未知 field not present in all samples
power_cycle	Learn9Code	帧1-48-55	4FFE 43FE 4EFE 43FE 4FFE 43FE 4FFE 43FE 4FFE 43FE 4EFE 43FE 4FFE 43FE 4FFE 3BFE	00000000	00	未知 field not present in all samples
power_cycle	Learn9Code	帧1-56-63	4FFE C6FA 4FFE 42FE 4FFE 42FE 4FFE 43FE 4FFE 43FE 4FFE 42FE 4FFE 42FE 50FE 3BFE	10000000	01	未知 field not present in all samples
power_cycle	Learn9Code	帧1-64-71	50FE 41FE 50FE 42FE 50FE 42FE 50FE 41FE 4FFE 41FE 50FE 42FE 50FE 42FE 50FE 3AFE	00000000	00	未知 field not present in all samples
power_cycle	Learn9Code	帧1-72-79	50FE 41FE 50FE 41FE 50FE 41FE 50FE 41FE 50FE 40FE 50FE 41FE 51FE 41FE 51FE 39FE	00000000	00	未知 field not present in all samples
power_cycle	Learn9Code	帧1-80-87	51FE 2EFE 64FE 2DFE 63FE 2EFE 64FE 2DFE 64FE 2DFE 64FE 2DFE 65FE 2DFE 64FE ABFA	00000001	80	未知 field not present in all samples
power_cycle	Learn9Code	帧1-88-95	64FE 2DFE 65FE 2DFE 64FE 2DFE 65FE 2DFE 65FE 2CFE 64FE 2DFE 79FE 19FE 65FE 25FE	00000000	00	未知 field not present in all samples
power_cycle	Learn9Code	帧1-96-103	65FE 2CFE 65FE 2CFE 7AFE 18FE 79FE 19FE 79FE 18FE 78FE 18FE 79FE 19FE 79FE 11FE	00000000	00	未知 field not present in all samples
power_cycle	Learn9Code	帧1-104-111	79FE 18FE 79FE 18FE 7AFE 9CFA 79FE 18FE 79FE 18FE 79FE 18FE 79FE 18FE 79FE 50FA	00100000	04	未知 field not present in all samples
power_cycle	Learn9Code	帧1-112-119	7AFE 9CFA 7AFE 18FE 79FE 9DFA 79FE 9CFA 7AFE 18FE 79FE 9CFA 7AFE 9CFA 7AFE 94FA	10110111	ED	未知 field not present in all samples
power_cycle	Learn9Code	帧1-120-127	7AFE 18FE 7AFE 18FE 7AFE 17FE 79FE 17FE 7AFE 18FE 7AFE 17FE 79FE 17FE 7AFE 10FE	00000000	00	未知 field not present in all samples
power_cycle	Learn9Code	帧1-128-135	7AFE 18FE 79FE 17FE 79FE 18FE 79FE 18FE 7AFE 18FE 7AFE 17FE 7BFE 17FE 7AFE 10FE	00000000	00	未知 field not present in all samples
power_cycle	Learn9Code	帧1-136-143	7AFE 17FE 79FE 17FE 7AFE 18FE 7AFE 17FE 7AFE 18FE 7AFE 17FE 7AFE 18FE 7AFE 10FE	00000000	00	未知 field not present in all samples
power_cycle	Learn9Code	帧1-144-151	7AFE 17FE 7AFE 17FE 7AFE 17FE 7AFE 18FE 7AFE 17FE 7BFE 17FE 7BFE 17FE 7AFE 10FE	00000000	00	未知 field not present in all samples
power_cycle	Learn9Code	帧1-152-159	7AFE 17FE 7BFE 17FE 7AFE 17FE 7BFE 17FE 7AFE 17FE 7BFE 17FE 7BFE 17FE 7AFE 0FFE	00000000	00	未知 field not present in all samples
power_cycle	Learn9Code	帧1-160-167	7AFE 16FE 7BFE 16FE 7AFE 16FE 7BFE 17FE 7BFE 16FE 7BFE 16FE 7BFE 17FE 7BFE 0FFE	00000000	00	未知 field not present in all samples
power_cycle	Learn9Code	帧1-168-175	7BFE 9BFA 7BFE 16FE 7BFE 9BFA 7BFE 9AFA 7CFE 15FE 7CFE 9AFA 7BFE 9AFA 7BFE 90FA	10110111	ED	未知 field not present in all samples
power_cycle	Learn9Code	帧1-标记	25F6			special marker or separator
power_cycle	Learn9Code	帧1-标记	4FF2			special marker or separator
power_cycle	Learn9Code	帧1-标记	7CFE			special marker or separator
power_cycle	Learn10Code	帧1-头	0FF65CF6			chunk header bytes
power_cycle	Learn10Code	帧1-0-7	39FE DDFA 39FE 59FE 38FE DDFA 39FE 59FE 39FE 58FE 39FE DCFA 39FE DEFA 38FE 51FE	10100110	65	未知 field not present in all samples
power_cycle	Learn10Code	帧1-8-15	38FE DDFA 39FE 59FE 38FE 58FE 38FE DDFA 38FE DDFA 38FE 59FE 39FE DDFA 39FE 50FE	10011010	59	未知 field not present in all samples
power_cycle	Learn10Code	帧1-16-23	39FE 58FE 39FE 59FE 39FE 59FE 38FE 58FE 39FE 59FE 39FE 58FE 3AFE 58FE 39FE 50FE	00000000	00	未知 field not present in all samples
power_cycle	Learn10Code	帧1-24-31	3AFE 57FE 4EFE 44FE 39FE 58FE 3AFE 58FE 3AFE 57FE 3AFE 57FE 3AFE 58FE 4EFE 3CFE	00000000	00	未知 field not present in all samples
power_cycle	Learn10Code	帧1-32-39	3AFE DBFA 3AFE DBFA 4FFE 43FE 3BFE 57FE 4EFE 43FE 4FFE 43FE 4EFE 43FE 4FFE 3BFE	11000000	03	未知 field not present in all samples
power_cycle	Learn10Code	帧1-40-47	4EFE C7FA 4FFE 43FE 4FFE C8FA 4FFE 42FE 4EFE 43FE 4FFE 43FE 4FFE 43FE 4FFE 3BFE	10100000	05	未知 field not present in all samples
power_cycle	Learn10Code	帧1-48-55	4FFE 43FE 4FFE 42FE 4FFE 42FE 4FFE 43FE 4FFE 42FE 4FFE 42FE 4FFE 43FE 4FFE 3BFE	00000000	00	未知 field not present in all samples
power_cycle	Learn10Code	帧1-56-63	4FFE C6FA 50FE 42FE 4FFE 41FE 50FE 42FE 50FE 42FE 50FE 41FE 50FE 42FE 50FE 3AFE	10000000	01	未知 field not present in all samples
power_cycle	Learn10Code	帧1-64-71	50FE 41FE 51FE 41FE 50FE 42FE 50FE 41FE 50FE 41FE 50FE 41FE 51FE 41FE 50FE 39FE	00000000	00	未知 field not present in all samples
power_cycle	Learn10Code	帧1-72-79	51FE 41FE 50FE 40FE 51FE 41FE 50FE 2DFE 63FE 41FE 51FE 41FE 51FE 40FE 51FE 26FE	00000000	00	未知 field not present in all samples
power_cycle	Learn10Code	帧1-80-87	64FE 41FE 51FE 2DFE 64FE 2DFE 64FE 2DFE 64FE 2DFE 65FE 2DFE 64FE 2DFE 65FE 25FE	00000000	00	未知 field not present in all samples
power_cycle	Learn10Code	帧1-88-95	65FE 2DFE 79FE 18FE 65FE 2DFE 79FE 18FE 64FE 2DFE 65FE 2CFE 79FE 18FE 79FE 11FE	00000000	00	未知 field not present in all samples
power_cycle	Learn10Code	帧1-96-103	79FE 19FE 79FE 18FE 7AFE 18FE 79FE 18FE 79FE 18FE 79FE 18FE 7AFE 18FE 79FE 95FA	00000000	00	未知 field not present in all samples
power_cycle	Learn10Code	帧1-104-111	79FE 18FE 7AFE 18FE 79FE 9CFA 7AFE 17FE 7AFE 17FE 79FE 17FE 79FE 18FE 7AFE 50FA	00000000	00	未知 field not present in all samples
power_cycle	Learn10Code	帧1-112-119	79FE 9CFA 7AFE 18FE 7AFE 9BFA 7AFE 9BFA 7AFE 18FE 7AFE 9BFA 7AFE 9CFA 7AFE 94FA	00000000	00	未知 field not present in all samples
power_cycle	Learn10Code	帧1-120-127	7AFE 17FE 7AFE 17FE 7AFE 17FE 7BFE 17FE 7AFE 17FE 7AFE 17FE 7AFE 17FE 7AFE 0FFE	00000000	00	未知 field not present in all samples
power_cycle	Learn10Code	帧1-128-135	7BFE 17FE 7AFE 17FE 7BFE 17FE 7AFE 17FE 7BFE 17FE 7BFE 16FE 7BFE 17FE 7BFE 0FFE	00000000	00	未知 field not present in all samples
power_cycle	Learn10Code	帧1-136-143	7BFE 16FE 7BFE 17FE 7BFE 16FE 7BFE 17FE 7BFE 16FE 7BFE 15FE 7BFE 16FE 7CFE 0EFE	00000000	00	未知 field not present in all samples
power_cycle	Learn10Code	帧1-144-151	7BFE 15FE 7CFE 16FE 7BFE 16FE 7BFE 16FE 7CFE 16FE 7CFE 15FE 7CFE 16FE 7CFE 0DFE	00000000	00	未知 field not present in all samples
power_cycle	Learn10Code	帧1-152-159	7DFE 15FE 7CFE 01FE 91FE 01FE 90FE 15FE 7DFE 14FE 7DFE 14FE 7DFE 01FE A4FE F8FD	00000001	80	未知 field not present in all samples
power_cycle	Learn10Code	帧1-160-167	7DFE 14FE 7DFE 00FE 90FE 01FE A5FE ECFD A5FE EDFD A4FE ECFD 91FE 00FE A4FE E5FD	00011101	B8	未知 field not present in all samples
power_cycle	Learn10Code	帧1-168-175	A5FE 70FA 90FE 00FE A5FE 71FA A4FE 70FA A5FE ECFD A5FE 70FA A6FE 70FA A6FE 66FA	00001000	10	未知 field not present in all samples
power_cycle	Learn10Code	帧1-标记	26F6			special marker or separator
power_cycle	Learn10Code	帧1-标记	4FF2			special marker or separator
power_cycle	Learn10Code	帧1-标记	A6FE			special marker or separator
power_cycle	Learn11Code	帧1-头	0FF65DF6			chunk header bytes
power_cycle	Learn11Code	帧1-0-7	39FE DDFA 38FE 59FE 38FE DDFA 38FE 58FE 39FE 59FE 38FE DCFA 39FE DDFA 38FE 51FE	10100110	65	未知 field not present in all samples
power_cycle	Learn11Code	帧1-8-15	38FE DDFA 38FE 58FE 39FE DCFA 37FE 59FE 38FE 58FE 39FE DCFA 39FE DDFA 38FE 52FE	10100110	65	未知 field not present in all samples
power_cycle	Learn11Code	帧1-16-23	37FE 59FE 38FE 59FE 39FE 59FE 38FE 59FE 38FE 59FE 38FE 59FE 38FE 59FE 39FE 51FE	00000000	00	未知 field not present in all samples
power_cycle	Learn11Code	帧1-24-31	39FE 59FE 38FE 58FE 38FE 58FE 39FE 58FE 39FE 58FE 39FE 58FE 3AFE 58FE 39FE 51FE	00000000	00	未知 field not present in all samples
power_cycle	Learn11Code	帧1-32-39	39FE 58FE 39FE DCFA 39FE 58FE 3AFE 58FE 39FE 58FE 3AFE 57FE 4DFE 43FE 4EFE 3CFE	01000000	02	未知 field not present in all samples
power_cycle	Learn11Code	帧1-40-47	4EFE 43FE 4EFE C7FA 4EFE C7FA 4DFE 44FE 4EFE 43FE 4EFE 43FE 4EFE 43FE 4DFE 3BFE	01100000	06	未知 field not present in all samples
power_cycle	Learn11Code	帧1-48-55	4EFE 43FE 4FFE 43FE 4EFE 42FE 4EFE 43FE 4EFE 43FE 4EFE 42FE 4EFE 43FE 4EFE 3BFE	00000000	00	未知 field not present in all samples
power_cycle	Learn11Code	帧1-56-63	4EFE 43FE 4EFE 43FE 4EFE C6FA 4FFE 42FE 4FFE 42FE 4EFE 42FE 4FFE 43FE 4EFE 3AFE	00100000	04	未知 field not present in all samples
power_cycle	Learn11Code	帧1-64-71	4FFE 43FE 4FFE 42FE 4FFE 41FE 4FFE 42FE 4FFE 42FE 4FFE 41FE 4FFE 42FE 4FFE 39FE	00000000	00	未知 field not present in all samples
power_cycle	Learn11Code	帧1-72-79	50FE 42FE 4FFE 41FE 4FFE 42FE 50FE 41FE 50FE 41FE 51FE 41FE 4FFE 41FE 4FFE 3AFE	00000000	00	未知 field not present in all samples
power_cycle	Learn11Code	帧1-80-87	50FE 41FE 50FE 41FE 50FE 41FE 50FE 40FE 51FE 41FE 51FE 2DFE 64FE 2DFE 64FE 39FE	00000000	00	未知 field not present in all samples
power_cycle	Learn11Code	帧1-88-95	51FE 40FE 52FE 2DFE 64FE 2DFE 64FE 2DFE 64FE 2CFE 64FE 2DFE 65FE 2CFE 64FE 25FE	00000000	00	未知 field not present in all samples
power_cycle	Learn11Code	帧1-96-103	65FE 2CFE 65FE 2DFE 78FE 19FE 79FE 18FE 79FE 18FE 79FE 9DFA 79FE 9CFA 79FE 11FE	00000110	60	未知 field not present in all samples
power_cycle	Learn11Code	帧1-104-111	79FE 18FE 79FE 19FE 78FE 19FE 79FE 9CFA 79FE 18FE 79FE 18FE 79FE 9CFA 79FE CCFD	00010011	C8	未知 field not present in all samples
power_cycle	Learn11Code	帧1-112-119	79FE 9CFA 79FE 18FE 79FE 9CFA 78FE 9DFA 79FE 18FE 79FE 9CFA 7AFE 9BFA 79FE 94FA	10110111	ED	未知 field not present in all samples
power_cycle	Learn11Code	帧1-120-127	79FE 18FE 79FE 18FE 79FE 17FE 7AFE 18FE 79FE 18FE 79FE 18FE 79FE 18FE 79FE 10FE	00000000	00	未知 field not present in all samples
power_cycle	Learn11Code	帧1-128-135	79FE 9BFA 7AFE 9BFA 79FE 18FE 79FE 17FE 7AFE 17FE 7AFE 18FE 79FE 17FE 79FE 0FFE	11000000	03	未知 field not present in all samples
power_cycle	Learn11Code	帧1-136-143	7AFE 17FE 79FE 17FE 7BFE 17FE 7AFE 17FE 7AFE 17FE 7AFE 16FE 7BFE 16FE 7BFE 0FFE	00000000	00	未知 field not present in all samples
power_cycle	Learn11Code	帧1-144-151	7AFE 17FE 7AFE 16FE 7AFE 17FE 7AFE 17FE 7AFE 17FE 7AFE 16FE 7BFE 17FE 7AFE 0FFE	00000000	00	未知 field not present in all samples
power_cycle	Learn11Code	帧1-152-159	7BFE 16FE 7BFE 16FE 7BFE 17FE 7BFE 16FE 7BFE 16FE 7BFE 16FE 7AFE 17FE 7BFE 0EFE	00000000	00	未知 field not present in all samples
power_cycle	Learn11Code	帧1-160-167	7BFE 16FE 7BFE 16FE 7CFE 01FE 90FE 16FE 7BFE 16FE 7BFE 15FE 7BFE 15FE 7CFE 0DFE	00000000	00	未知 field not present in all samples
power_cycle	Learn11Code	帧1-168-175	7CFE 15FE 7CFE 99FA 7CFE 99FA 78FE 9DFA 7CFE 01FE 90FE 85FA 91FE 84FA 90FE 7BFA	01110111	EE	未知 field not present in all samples
power_cycle	Learn11Code	帧1-标记	25F6			special marker or separator
power_cycle	Learn11Code	帧1-标记	4FF2			special marker or separator
power_cycle	Learn11Code	帧1-标记	91FE			special marker or separator
power_cycle	Learn12Code	帧1-头	0FF65CF6			chunk header bytes
power_cycle	Learn12Code	帧1-0-7	38FE DDFA 39FE 59FE 38FE DDFA 38FE 59FE 38FE 5AFE 38FE DCFA 38FE DDFA 39FE 51FE	10100110	65	未知 field not present in all samples
power_cycle	Learn12Code	帧1-8-15	38FE DCFA 38FE 5AFE 38FE 59FE 39FE DDFA 38FE 59FE 38FE DCFA 38FE DDFA 38FE 52FE	10010110	69	未知 field not present in all samples
power_cycle	Learn12Code	帧1-16-23	38FE 59FE 38FE 59FE 38FE 59FE 38FE 59FE 38FE 58FE 39FE 59FE 39FE 59FE 38FE 51FE	00000000	00	未知 field not present in all samples
power_cycle	Learn12Code	帧1-24-31	39FE 59FE 38FE 59FE 39FE 59FE 39FE 58FE 39FE 59FE 38FE 59FE 38FE 59FE 39FE 51FE	00000000	00	未知 field not present in all samples
power_cycle	Learn12Code	帧1-32-39	39FE 58FE 39FE DDFA 39FE 58FE 3AFE 58FE 39FE 58FE 4DFE 44FE 39FE 58FE 4EFE 3CFE	01000000	02	未知 field not present in all samples
power_cycle	Learn12Code	帧1-40-47	3AFE 57FE 3AFE DCFA 39FE DCFA 4EFE 44FE 4DFE 43FE 4EFE 44FE 4EFE 43FE 4DFE 3CFE	01100000	06	未知 field not present in all samples
power_cycle	Learn12Code	帧1-48-55	4EFE 43FE 4EFE 44FE 4EFE 43FE 4EFE 42FE 4FFE 43FE 4EFE 43FE 4FFE 43FE 4EFE 3CFE	00000000	00	未知 field not present in all samples
power_cycle	Learn12Code	帧1-56-63	4EFE 43FE 4EFE 43FE 4FFE C7FA 4EFE 42FE 4FFE 43FE 4FFE 42FE 4FFE 42FE 4EFE 3AFE	00100000	04	未知 field not present in all samples
power_cycle	Learn12Code	帧1-64-71	4FFE 42FE 4FFE 43FE 4EFE 42FE 4FFE 42FE 50FE 42FE 4FFE 42FE 4FFE 42FE 4FFE 3AFE	00000000	00	未知 field not present in all samples
power_cycle	Learn12Code	帧1-72-79	50FE 41FE 4FFE 42FE 4FFE 42FE 4FFE 42FE 4FFE 41FE 50FE 42FE 4FFE 41FE 50FE 3AFE	00000000	00	未知 field not present in all samples
power_cycle	Learn12Code	帧1-80-87	50FE 41FE 50FE 42FE 50FE 41FE 50FE 41FE 51FE 40FE 50FE 2DFE 64FE 41FE 51FE BCFA	00000001	80	未知 field not present in all samples
power_cycle	Learn12Code	帧1-88-95	52FE 40FE 51FE 40FE 51FE 2EFE 64FE 2DFE 64FE 2DFE 64FE 2EFE 64FE 2DFE 65FE 25FE	00000000	00	未知 field not present in all samples
power_cycle	Learn12Code	帧1-96-103	65FE 2CFE 65FE 2DFE 64FE 2CFE 79FE 18FE 64FE 2DFE 65FE 2DFE 78FE 19FE 65FE A9FA	00000001	80	未知 field not present in all samples
power_cycle	Learn12Code	帧1-104-111	79FE 9CFA 78FE 9CFA 79FE 9CFA 79FE 9DFA 79FE 9DFA 79FE 9DFA 79FE 9DFA 79FE CCFD	11111111	FF	未知 field not present in all samples
power_cycle	Learn12Code	帧1-112-119	79FE 9CFA 79FE 19FE 79FE 9CFA 79FE 9CFA 79FE 18FE 79FE 9CFA 79FE 9CFA 79FE 94FA	10110111	ED	未知 field not present in all samples
power_cycle	Learn12Code	帧1-120-127	79FE 18FE 7AFE 17FE 7AFE 18FE 79FE 17FE 7AFE 17FE 79FE 18FE 79FE 18FE 79FE 10FE	00000000	00	未知 field not present in all samples
power_cycle	Learn12Code	帧1-128-135	79FE 9CFA 7AFE 9BFA 79FE 18FE 79FE 17FE 7AFE 17FE 7AFE 18FE 79FE 18FE 79FE 10FE	11000000	03	未知 field not present in all samples
power_cycle	Learn12Code	帧1-136-143	79FE 17FE 7AFE 17FE 7AFE 17FE 7AFE 16FE 79FE 17FE 7AFE 17FE 7AFE 16FE 7BFE 0FFE	00000000	00	未知 field not present in all samples
power_cycle	Learn12Code	帧1-144-151	7AFE 17FE 7AFE 17FE 7AFE 17FE 7AFE 16FE 7AFE 17FE 7AFE 17FE 7BFE 17FE 7AFE 0FFE	00000000	00	未知 field not present in all samples
power_cycle	Learn12Code	帧1-152-159	7BFE 16FE 7BFE 16FE 7BFE 17FE 7BFE 16FE 7BFE 16FE 7AFE 16FE 7CFE 16FE 7BFE 0FFE	00000000	00	未知 field not present in all samples
power_cycle	Learn12Code	帧1-160-167	7BFE 16FE 7BFE 16FE 7BFE 16FE 7BFE 16FE 7CFE 15FE 7BFE 16FE 7BFE 16FE 7BFE 0DFE	00000000	00	未知 field not present in all samples
power_cycle	Learn12Code	帧1-168-175	7CFE 16FE 7CFE 85FA 90FE 84FA 8FFE 85FA 90FE 01FE 90FE 99FA 7CFE 85FA 90FE 7CFA	01110111	EE	未知 field not present in all samples
power_cycle	Learn12Code	帧1-标记	25F6			special marker or separator
power_cycle	Learn12Code	帧1-标记	4DF2			special marker or separator
power_cycle	Learn12Code	帧1-标记	90FE			special marker or separator
power_cycle	Learn13Code	帧1-头	10F65CF6			chunk header bytes
power_cycle	Learn13Code	帧1-0-7	39FE DEFA 38FE 5AFE 38FE DDFA 38FE 59FE 39FE 59FE 38FE DDFA 38FE DDFA 39FE 51FE	10100110	65	未知 field not present in all samples
power_cycle	Learn13Code	帧1-8-15	38FE DDFA 39FE 59FE 38FE DEFA 39FE 58FE 38FE 59FE 38FE DDFA 38FE DDFA 39FE 51FE	10100110	65	未知 field not present in all samples
power_cycle	Learn13Code	帧1-16-23	38FE 59FE 38FE 5AFE 38FE 59FE 39FE 59FE 38FE 5AFE 38FE 59FE 38FE 58FE 38FE 51FE	00000000	00	未知 field not present in all samples
power_cycle	Learn13Code	帧1-24-31	39FE 59FE 39FE 59FE 39FE 58FE 3AFE 58FE 38FE 59FE 39FE 58FE 39FE 58FE 38FE 51FE	00000000	00	未知 field not present in all samples
power_cycle	Learn13Code	帧1-32-39	39FE 58FE 3AFE DCFA 38FE 58FE 39FE 58FE 39FE 58FE 4EFE 43FE 4DFE 44FE 4EFE 3CFE	01000000	02	未知 field not present in all samples
power_cycle	Learn13Code	帧1-40-47	4EFE 44FE 4DFE C7FA 4DFE C8FA 4EFE 43FE 4EFE 43FE 4EFE 44FE 4EFE 43FE 4EFE 3CFE	01100000	06	未知 field not present in all samples
power_cycle	Learn13Code	帧1-48-55	4EFE 44FE 4EFE 43FE 4EFE 44FE 4EFE 43FE 4FFE 43FE 4EFE 43FE 4FFE 42FE 4EFE 3BFE	00000000	00	未知 field not present in all samples
power_cycle	Learn13Code	帧1-56-63	4FFE 43FE 4FFE 43FE 4EFE C7FA 4FFE 43FE 4FFE 42FE 4FFE 43FE 4FFE 42FE 4FFE 3BFE	00100000	04	未知 field not present in all samples
power_cycle	Learn13Code	帧1-64-71	4FFE 43FE 4FFE 42FE 4EFE 42FE 4EFE 43FE 4FFE 42FE 4EFE 41FE 4FFE 41FE 4FFE 3BFE	00000000	00	未知 field not present in all samples
power_cycle	Learn13Code	帧1-72-79	4FFE 42FE 4FFE 42FE 4FFE 41FE 4FFE 42FE 4FFE 42FE 50FE 41FE 50FE 41FE 50FE 3BFE	00000000	00	未知 field not present in all samples
power_cycle	Learn13Code	帧1-80-87	4FFE 41FE 50FE 41FE 50FE 41FE 4FFE 41FE 50FE 41FE 50FE 41FE 51FE 41FE 50FE 3AFE	00000000	00	未知 field not present in all samples
power_cycle	Learn13Code	帧1-88-95	50FE 41FE 50FE 40FE 51FE 3DFE 55FE 40FE 51FE 2DFE 64FE 2DFE 65FE 2CFE 65FE 24FE	00000000	00	未知 field not present in all samples
power_cycle	Learn13Code	帧1-96-103	65FE 2DFE 65FE 2CFE 65FE 2DFE 64FE 2DFE 79FE 19FE 64FE 2DFE 79FE 19FE 79FE 11FE	00000000	00	未知 field not present in all samples
power_cycle	Learn13Code	帧1-104-111	64FE 2CFE 65FE 2CFE 65FE 2CFE 79FE 18FE 79FE 9CFA 79FE 9CFA 79FE 18FE 7AFE CBFD	00001101	B0	未知 field not present in all samples
power_cycle	Learn13Code	帧1-112-119	79FE 9CFA 79FE 18FE 79FE 9CFA 79FE 9DFA 79FE 18FE 79FE 9CFA 79FE 9DFA 78FE 95FA	10110111	ED	未知 field not present in all samples
power_cycle	Learn13Code	帧1-120-127	79FE 17FE 79FE 17FE 79FE 18FE 79FE 18FE 7AFE 17FE 79FE 17FE 79FE 17FE 79FE 10FE	00000000	00	未知 field not present in all samples
power_cycle	Learn13Code	帧1-128-135	79FE 9BFA 7AFE 9BFA 79FE 17FE 7AFE 18FE 79FE 17FE 79FE 17FE 7AFE 17FE 7AFE 10FE	11000000	03	未知 field not present in all samples
power_cycle	Learn13Code	帧1-136-143	7AFE 17FE 7AFE 18FE 7AFE 17FE 7AFE 17FE 79FE 18FE 7AFE 17FE 7AFE 17FE 7AFE 0FFE	00000000	00	未知 field not present in all samples
power_cycle	Learn13Code	帧1-144-151	7AFE 16FE 7AFE 17FE 7AFE 17FE 79FE 18FE 7AFE 17FE 7BFE 17FE 7AFE 17FE 7AFE 0FFE	00000000	00	未知 field not present in all samples
power_cycle	Learn13Code	帧1-152-159	7AFE 17FE 7BFE 16FE 7AFE 16FE 7AFE 17FE 7AFE 16FE 7BFE 16FE 7AFE 17FE 7BFE 0EFE	00000000	00	未知 field not present in all samples
power_cycle	Learn13Code	帧1-160-167	7AFE 16FE 7BFE 17FE 7AFE 15FE 7CFE 16FE 7BFE 16FE 7AFE 15FE 7CFE 16FE 7BFE 0EFE	00000000	00	未知 field not present in all samples
power_cycle	Learn13Code	帧1-168-175	7BFE 15FE 7BFE 9AFA 7BFE 9BFA 7BFE 9AFA 7BFE 16FE 7BFE 99FA 7CFE 9AFA 7CFE 8FFA	01110111	EE	未知 field not present in all samples
power_cycle	Learn13Code	帧1-标记	26F6			special marker or separator
power_cycle	Learn13Code	帧1-标记	4FF2			special marker or separator
power_cycle	Learn13Code	帧1-标记	7CFE			special marker or separator
power_cycle	Learn14Code	帧1-头	0FF65BF6			chunk header bytes
power_cycle	Learn14Code	帧1-0-7	39FE DCFA 38FE 58FE 39FE DCFA 39FE 54FE 3DFE 58FE 38FE DBFA 39FE DDFA 38FE 50FE	10100110	65	未知 field not present in all samples
power_cycle	Learn14Code	帧1-8-15	39FE DCFA 38FE 58FE 39FE DCFA 39FE 58FE 39FE 58FE 38FE DCFA 39FE DDFA 39FE 50FE	10100110	65	未知 field not present in all samples
power_cycle	Learn14Code	帧1-16-23	38FE 59FE 39FE 58FE 39FE 58FE 39FE 58FE 39FE 58FE 38FE 59FE 39FE 58FE 39FE 51FE	00000000	00	未知 field not present in all samples
power_cycle	Learn14Code	帧1-24-31	38FE 58FE 39FE 58FE 39FE 58FE 39FE 58FE 3AFE 58FE 39FE 57FE 39FE 57FE 39FE 50FE	00000000	00	未知 field not present in all samples
power_cycle	Learn14Code	帧1-32-39	3AFE 56FE 39FE 58FE 39FE 58FE 3AFE 57FE 3AFE 57FE 3AFE 57FE 3AFE 56FE 3AFE 50FE	00000000	00	未知 field not present in all samples
power_cycle	Learn14Code	帧1-40-47	4EFE 43FE 3AFE DAFA 4FFE C6FA 4EFE 43FE 4DFE 42FE 4FFE 43FE 4EFE 42FE 4EFE 3BFE	01100000	06	未知 field not present in all samples
power_cycle	Learn14Code	帧1-48-55	4EFE 42FE 4FFE 42FE 4EFE 43FE 4FFE 42FE 4FFE 42FE 4FFE 42FE 4FFE 42FE 4FFE 3BFE	00000000	00	未知 field not present in all samples
power_cycle	Learn14Code	帧1-56-63	4FFE 42FE 4FFE 42FE 4FFE C6FA 4FFE 42FE 4FFE 41FE 4FFE 42FE 4FFE 42FE 4FFE 3AFE	00100000	04	未知 field not present in all samples
power_cycle	Learn14Code	帧1-64-71	4FFE 42FE 50FE 41FE 50FE 41FE 50FE 41FE 50FE 41FE 4FFE 42FE 4FFE 41FE 50FE 39FE	00000000	00	未知 field not present in all samples
power_cycle	Learn14Code	帧1-72-79	50FE 42FE 4FFE 42FE 50FE 41FE 50FE 41FE 50FE 40FE 50FE 41FE 51FE 3FFE 51FE 39FE	00000000	00	未知 field not present in all samples
power_cycle	Learn14Code	帧1-80-87	51FE 2DFE 64FE 2DFE 64FE 2DFE 64FE 2DFE 64FE 2CFE 65FE 3FFE 52FE 2CFE 65FE 25FE	00000000	00	未知 field not present in all samples
power_cycle	Learn14Code	帧1-88-95	65FE 2CFE 65FE 2CFE 65FE 2CFE 65FE 2CFE 64FE 2CFE 78FE 18FE 65FE 2DFE 79FE 10FE	00000000	00	未知 field not present in all samples
power_cycle	Learn14Code	帧1-96-103	79FE 18FE 79FE 17FE 79FE 18FE 79FE 18FE 79FE 18FE 79FE 9BFA 79FE 17FE 7AFE 94FA	00000000	00	未知 field not present in all samples
power_cycle	Learn14Code	帧1-104-111	79FE 9BFA 7AFE 9BFA 79FE 18FE 79FE 9CFA 79FE 17FE 79FE 18FE 79FE 17FE 79FE 4EFA	00000000	00	未知 field not present in all samples
power_cycle	Learn14Code	帧1-112-119	7AFE 9BFA 79FE 17FE 7AFE 9AFA 79FE 9AFA 7AFE 17FE 79FE 9BFA 7AFE 9AFA 79FE 94FA	00000000	00	未知 field not present in all samples
power_cycle	Learn14Code	帧1-120-127	7AFE 17FE 7AFE 17FE 79FE 16FE 7AFE 17FE 7BFE 16FE 79FE 17FE 7BFE 16FE 7AFE 0FFE	00000000	00	未知 field not present in all samples
power_cycle	Learn14Code	帧1-128-135	7AFE 9AFA 7BFE 9AFA 7AFE 17FE 7AFE 16FE 7AFE 17FE 7AFE 17FE 7BFE 16FE 7AFE 0FFE	00000000	00	未知 field not present in all samples
power_cycle	Learn14Code	帧1-136-143	7BFE 16FE 7BFE 16FE 7BFE 16FE 7BFE 16FE 7AFE 16FE 7CFE 15FE 7BFE 15FE 7AFE 0EFE	00000000	00	未知 field not present in all samples
power_cycle	Learn14Code	帧1-144-151	7BFE 15FE 7BFE 16FE 7BFE 16FE 7CFE 15FE 7CFE 15FE 7CFE 14FE 7CFE 14FE 7CFE F9FD	00000001	80	未知 field not present in all samples
power_cycle	Learn14Code	帧1-152-159	91FE 15FE 7BFE 01FE 90FE 15FE 7CFE 15FE 7CFE 00FE 91FE 00FE 90FE 00FE A4FE E5FD	00000001	80	未知 field not present in all samples
power_cycle	Learn14Code	帧1-160-167	90FE 01FE 91FE FFFD A4FE EDFD 90FE 00FE A4FE EBFD 90FE 01FE 91FE FFFD A5FE E4FD	01101011	D6	未知 field not present in all samples
power_cycle	Learn14Code	帧1-168-175	A4FE EBFD 92FE 83FA 91FE 84FA A5FE 70FA A5FE ECFD A5FE 6FFA A6FE 6FFA A6FE 64FA	10001000	11	未知 field not present in all samples
power_cycle	Learn14Code	帧1-标记	25F6			special marker or separator
power_cycle	Learn14Code	帧1-标记	4DF2			special marker or separator
power_cycle	Learn14Code	帧1-标记	A5FE			special marker or separator
power_cycle	Learn15Code	帧1-头	0FF65AF6			chunk header bytes
power_cycle	Learn15Code	帧1-0-7	39FE DCFA 39FE 58FE 39FE DCFA 38FE 59FE 39FE 58FE 39FE DCFA 39FE DCFA 39FE 50FE	10100110	65	未知 field not present in all samples
power_cycle	Learn15Code	帧1-8-15	39FE DCFA 38FE 58FE 38FE DCFA 39FE 58FE 39FE 58FE 39FE DDFA 38FE DDFA 39FE 51FE	10100110	65	未知 field not present in all samples
power_cycle	Learn15Code	帧1-16-23	38FE 59FE 39FE 58FE 39FE 58FE 39FE 58FE 39FE 58FE 39FE 58FE 39FE 59FE 39FE 50FE	00000000	00	未知 field not present in all samples
power_cycle	Learn15Code	帧1-24-31	39FE 59FE 38FE 59FE 38FE 57FE 38FE 58FE 39FE 58FE 39FE 58FE 39FE 58FE 39FE 50FE	00000000	00	未知 field not present in all samples
power_cycle	Learn15Code	帧1-32-39	3AFE 57FE 3AFE DBFA 3AFE 58FE 39FE 58FE 39FE 57FE 3AFE 57FE 3AFE 57FE 3AFE 50FE	01000000	02	未知 field not present in all samples
power_cycle	Learn15Code	帧1-40-47	4EFE 43FE 4EFE C7FA 3AFE DAFA 4EFE 43FE 4EFE 43FE 4EFE 43FE 3AFE 57FE 4EFE 3BFE	01100000	06	未知 field not present in all samples
power_cycle	Learn15Code	帧1-48-55	4FFE 42FE 4FFE 42FE 4EFE 42FE 4EFE 42FE 4EFE 43FE 4FFE 42FE 4FFE 42FE 4FFE 3BFE	00000000	00	未知 field not present in all samples
power_cycle	Learn15Code	帧1-56-63	4EFE 43FE 4FFE 42FE 4FFE C5FA 4FFE 42FE 4FFE 42FE 4FFE 41FE 4EFE 41FE 4FFE 3BFE	00100000	04	未知 field not present in all samples
power_cycle	Learn15Code	帧1-64-71	4FFE 41FE 4FFE 41FE 4FFE 41FE 4FFE 41FE 50FE 41FE 4FFE 41FE 50FE 41FE 50FE 39FE	00000000	00	未知 field not present in all samples
power_cycle	Learn15Code	帧1-72-79	4FFE 42FE 4FFE 41FE 50FE 41FE 50FE 41FE 4FFE 41FE 50FE 41FE 50FE 41FE 50FE 39FE	00000000	00	未知 field not present in all samples
power_cycle	Learn15Code	帧1-80-87	50FE 40FE 50FE 40FE 50FE 41FE 50FE 41FE 50FE 41FE 50FE 2DFE 64FE 41FE 51FE 38FE	00000000	00	未知 field not present in all samples
power_cycle	Learn15Code	帧1-88-95	51FE 2DFE 64FE 3FFE 50FE 2CFE 65FE 2DFE 64FE 2CFE 65FE 2CFE 65FE 2CFE 65FE 25FE	00000000	00	未知 field not present in all samples
power_cycle	Learn15Code	帧1-96-103	78FE 18FE 79FE 18FE 66FE 2BFE 7AFE 17FE 79FE 18FE 79FE 9BFA 78FE 18FE 79FE 93FA	00000000	00	未知 field not present in all samples
power_cycle	Learn15Code	帧1-104-111	79FE 18FE 79FE 18FE 79FE 17FE 7AFE 9BFA 79FE 17FE 7AFE 18FE 79FE 17FE 79FE 4EFA	00000000	00	未知 field not present in all samples
power_cycle	Learn15Code	帧1-112-119	79FE 9BFA 7AFE 17FE 79FE 9BFA 7AFE 9BFA 7AFE 17FE 79FE 9BFA 7AFE 9BFA 7AFE 93FA	00000000	00	未知 field not present in all samples
power_cycle	Learn15Code	帧1-120-127	7AFE 17FE 79FE 17FE 7AFE 17FE 7AFE 17FE 7AFE 17FE 7AFE 16FE 7AFE 17FE 7AFE 0FFE	00000000	00	未知 field not present in all samples
power_cycle	Learn15Code	帧1-128-135	7AFE 9BFA 7BFE 9AFA 7AFE 17FE 7BFE 16FE 7AFE 17FE 7AFE 17FE 7AFE 17FE 7AFE 0FFE	00000000	00	未知 field not present in all samples
power_cycle	Learn15Code	帧1-136-143	7BFE 17FE 7AFE 16FE 7BFE 16FE 7BFE 16FE 7BFE 17FE 7AFE 16FE 7BFE 16FE 7BFE 0FFE	00000000	00	未知 field not present in all samples
power_cycle	Learn15Code	帧1-144-151	7AFE 15FE 7AFE 17FE 7AFE 16FE 7AFE 15FE 7AFE 16FE 7BFE 16FE 7BFE 16FE 7BFE 0FFE	00000000	00	未知 field not present in all samples
power_cycle	Learn15Code	帧1-152-159	7BFE 16FE 7BFE 16FE 7CFE 14FE 7BFE 16FE 7BFE 15FE 7CFE 15FE 7BFE 15FE 7BFE 0DFE	00000000	00	未知 field not present in all samples
power_cycle	Learn15Code	帧1-160-167	7DFE 14FE 7CFE 01FE 90FE 14FE 7CFE 00FE 90FE 13FE 7CFE 01FE 90FE 01FE 90FE F9FD	00000001	80	未知 field not present in all samples
power_cycle	Learn15Code	帧1-168-175	91FE 00FE 91FE 84FA 91FE 83FA A6FE 6FFA 91FE 00FE A5FE 70FA 92FE 82FA A6FE 65FA	00000000	00	未知 field not present in all samples
power_cycle	Learn15Code	帧1-标记	26F6			special marker or separator
power_cycle	Learn15Code	帧1-标记	4CF2			special marker or separator
power_cycle	Learn15Code	帧1-标记	A6FE			special marker or separator
power_cycle	Learn24Code	帧1-头	00000000			chunk header bytes
power_cycle	Learn25Code	帧1-头	00000000			chunk header bytes
power_cycle	Learn26Code	帧1-头	00000000			chunk header bytes
power_cycle	Learn27Code	帧1-头	00000000			chunk header bytes
power_cycle	Learn28Code	帧1-头	00000000			chunk header bytes
power_cycle	Learn29Code	帧1-头	00000000			chunk header bytes
power_cycle	Learn30Code	帧1-头	00000000			chunk header bytes
